[START][2025-07-01 20:16:11] LSP logging initiated
[ERROR][2025-07-01 20:16:11] ...lsp/handlers.lua:562	"2025/07/01 20:16:11 signature help failed: cannot get type for Fun *ast.SelectorExpr (&{http RegisterRoutes})\n\tposition=23:21\n"
[ERROR][2025-07-01 20:16:12] ...lsp/handlers.lua:562	"2025/07/01 20:16:12 signature help failed: cannot get type for Fun *ast.SelectorExpr (&{http RegisterRoutes})\n\tposition=23:21\n"
[ERROR][2025-07-01 20:17:29] ...lsp/handlers.lua:562	"2025/07/01 20:17:29 signature help failed: cannot get type for Fun *ast.SelectorExpr (&{http RegisterRoutes})\n\tposition=23:25\n"
[ERROR][2025-07-01 20:17:29] ...lsp/handlers.lua:562	"2025/07/01 20:17:29 signature help failed: cannot get type for Fun *ast.SelectorExpr (&{http RegisterRoutes})\n\tposition=23:26\n"
[START][2025-07-02 10:34:50] LSP logging initiated
[ERROR][2025-07-02 10:34:50] ...lsp/handlers.lua:562	"2025/07/02 10:34:50 signature help failed: cannot get type for Fun *ast.SelectorExpr (&{kvs NewClient})\n\tposition=5:25\n"
[START][2025-07-02 10:39:54] LSP logging initiated
[ERROR][2025-07-02 10:39:54] ...lsp/handlers.lua:562	"2025/07/02 10:39:54 no completions found: getting file file:///Users/akoffler/projects/meli/fury_onboarding-aron-v2/internal/business/fruits/service.go for Completion: <nil> (package completions: invalid position for package completion: cursor after expression)\n\tposition=0:8\n"
[ERROR][2025-07-02 10:39:54] ...lsp/handlers.lua:562	"2025/07/02 10:39:54 no completions found: getting file file:///Users/akoffler/projects/meli/fury_onboarding-aron-v2/internal/business/fruits/service.go for Completion: <nil> (package completions: invalid position for package completion: cursor after expression)\n\tposition=0:9\n"
[ERROR][2025-07-02 10:39:54] ...lsp/handlers.lua:562	"2025/07/02 10:39:54 no completions found: getting file file:///Users/akoffler/projects/meli/fury_onboarding-aron-v2/internal/business/fruits/service.go for Completion: <nil> (package completions: invalid position for package completion: cursor after expression)\n\tposition=0:10\n"
[ERROR][2025-07-02 10:39:54] ...lsp/handlers.lua:562	"2025/07/02 10:39:54 no completions found: getting file file:///Users/akoffler/projects/meli/fury_onboarding-aron-v2/internal/business/fruits/service.go for Completion: <nil> (package completions: invalid position for package completion: cursor after expression)\n\tposition=0:11\n"
[ERROR][2025-07-02 10:39:54] ...lsp/handlers.lua:562	"2025/07/02 10:39:54 no completions found: getting file file:///Users/akoffler/projects/meli/fury_onboarding-aron-v2/internal/business/fruits/service.go for Completion: <nil> (package completions: invalid position for package completion: cursor after expression)\n\tposition=0:12\n"
[ERROR][2025-07-02 10:39:54] ...lsp/handlers.lua:562	"2025/07/02 10:39:54 no completions found: getting file file:///Users/akoffler/projects/meli/fury_onboarding-aron-v2/internal/business/fruits/service.go for Completion: <nil> (package completions: invalid position for package completion: cursor after expression)\n\tposition=0:13\n"
[ERROR][2025-07-02 11:23:38] ...lsp/handlers.lua:562	"2025/07/02 11:23:38 signature help failed: cannot get type for Fun *ast.SelectorExpr (&{fmt Errorf})\n\tposition=14:34\n"
[ERROR][2025-07-02 11:24:07] ...lsp/handlers.lua:562	"2025/07/02 11:24:07 signature help failed: cannot get type for Fun *ast.SelectorExpr (&{fmt Errorf})\n\tposition=14:62\n"
[ERROR][2025-07-02 11:24:08] ...lsp/handlers.lua:562	"2025/07/02 11:24:08 signature help failed: cannot get type for Fun *ast.SelectorExpr (&{fmt Errorf})\n\tposition=14:63\n"
[ERROR][2025-07-02 11:29:31] ...lsp/handlers.lua:562	"2025/07/02 11:29:31 signature help failed: cannot get type for Fun *ast.SelectorExpr (&{c GetFruit})\n\tposition=21:19\n"
[ERROR][2025-07-02 11:29:33] ...lsp/handlers.lua:562	"2025/07/02 11:29:33 signature help failed: cannot get type for Fun *ast.SelectorExpr (&{c GetFruit})\n\tposition=21:23\n"
[ERROR][2025-07-02 11:29:33] ...lsp/handlers.lua:562	"2025/07/02 11:29:33 signature help failed: cannot get type for Fun *ast.SelectorExpr (&{c GetFruit})\n\tposition=21:24\n"
[ERROR][2025-07-02 11:29:46] ...lsp/handlers.lua:562	"2025/07/02 11:29:46 signature help failed: cannot get type for Fun *ast.SelectorExpr (&{c GetFruit})\n\tposition=23:24\n"
[ERROR][2025-07-02 11:32:25] ...lsp/handlers.lua:562	"2025/07/02 11:32:25 signature help failed: cannot get type for Fun *ast.SelectorExpr (&{c GetFruit})\n\tposition=23:24\n"
[ERROR][2025-07-02 11:34:39] ...lsp/handlers.lua:562	"2025/07/02 11:34:39 signature help failed: cannot get type for Fun *ast.SelectorExpr (&{time Now})\n\tposition=19:28\n"
[ERROR][2025-07-02 11:34:41] ...lsp/handlers.lua:562	"2025/07/02 11:34:41 signature help failed: cannot get type for Fun *ast.SelectorExpr (&{0x1400c06b480 UTC})\n\tposition=19:34\n"
[ERROR][2025-07-02 11:44:43] ...lsp/handlers.lua:562	"2025/07/02 11:44:43 signature help failed: cannot get type for Fun *ast.SelectorExpr (&{kvs NewClient})\n\tposition=23:15\n"
[ERROR][2025-07-02 11:49:50] ...lsp/handlers.lua:562	"2025/07/02 11:49:50 signature help failed: cannot get type for Fun *ast.SelectorExpr (&{fmt Errorf})\n\tposition=29:20\n"
[ERROR][2025-07-02 11:50:11] ...lsp/handlers.lua:562	"2025/07/02 11:50:11 signature help failed: cannot get type for Fun *ast.SelectorExpr (&{fmt Errorf})\n\tposition=29:54\n"
[ERROR][2025-07-02 11:50:11] ...lsp/handlers.lua:562	"2025/07/02 11:50:11 signature help failed: cannot get type for Fun *ast.SelectorExpr (&{fmt Errorf})\n\tposition=29:55\n"
[ERROR][2025-07-02 11:53:46] ...lsp/handlers.lua:562	"2025/07/02 11:53:46 signature help failed: cannot get type for Fun *ast.SelectorExpr (&{os Exit})\n\tposition=16:10\n"
[START][2025-07-02 14:42:15] LSP logging initiated
[ERROR][2025-07-02 14:42:15] ...lsp/handlers.lua:562	"2025/07/02 14:42:15 signature help failed: cannot get type for Fun *ast.SelectorExpr (&{fmt Println})\n\tposition=30:13\n"
[START][2025-07-03 18:16:12] LSP logging initiated
[ERROR][2025-07-03 18:16:12] ...lsp/handlers.lua:562	"2025/07/03 18:16:12 signature help failed: cannot get type for Fun *ast.SelectorExpr (&{fmt Errorf})\n\tposition=20:25\n"
[ERROR][2025-07-03 18:16:25] ...lsp/handlers.lua:562	"2025/07/03 18:16:25 signature help failed: cannot get type for Fun *ast.SelectorExpr (&{fmt Errorf})\n\tposition=20:64\n"
[ERROR][2025-07-03 18:16:25] ...lsp/handlers.lua:562	"2025/07/03 18:16:25 signature help failed: cannot get type for Fun *ast.SelectorExpr (&{fmt Errorf})\n\tposition=20:65\n"
[ERROR][2025-07-03 18:16:26] ...lsp/handlers.lua:562	"2025/07/03 18:16:26 signature help failed: cannot get type for Fun *ast.SelectorExpr (&{fmt Errorf})\n\tposition=20:64\n"
[ERROR][2025-07-03 18:16:27] ...lsp/handlers.lua:562	"2025/07/03 18:16:27 signature help failed: cannot get type for Fun *ast.SelectorExpr (&{fmt Errorf})\n\tposition=20:63\n"
[ERROR][2025-07-03 18:16:27] ...lsp/handlers.lua:562	"2025/07/03 18:16:27 signature help failed: cannot get type for Fun *ast.SelectorExpr (&{fmt Errorf})\n\tposition=20:64\n"
[ERROR][2025-07-03 18:16:28] ...lsp/handlers.lua:562	"2025/07/03 18:16:28 signature help failed: cannot get type for Fun *ast.SelectorExpr (&{fmt Errorf})\n\tposition=20:68\n"
[ERROR][2025-07-03 18:16:28] ...lsp/handlers.lua:562	"2025/07/03 18:16:28 signature help failed: cannot get type for Fun *ast.SelectorExpr (&{fmt Errorf})\n\tposition=20:69\n"
[ERROR][2025-07-03 18:21:33] ...lsp/handlers.lua:562	"2025/07/03 18:21:33 signature help failed: cannot get type for Fun *ast.SelectorExpr (&{collection NewFruitsCollection})\n\tposition=25:51\n"
[ERROR][2025-07-03 18:22:30] ...lsp/handlers.lua:562	"2025/07/03 18:22:30 signature help failed: cannot get type for Fun *ast.Ident (fruitsColl)\n\tposition=15:19\n"
[ERROR][2025-07-03 18:56:12] ...lsp/handlers.lua:562	"2025/07/03 18:56:12 signature help failed: cannot get type for Fun *ast.Ident (Eq)\n\tposition=78:9\n"
[ERROR][2025-07-03 18:56:13] ...lsp/handlers.lua:562	"2025/07/03 18:56:13 signature help failed: cannot get type for Fun *ast.Ident (Eq)\n\tposition=78:11\n"
[ERROR][2025-07-03 19:34:02] ...lsp/handlers.lua:562	"2025/07/03 19:34:02 signature help failed: call operand is not a func or type: *ast.Ident (len)\n\tposition=91:33\n"
[ERROR][2025-07-03 20:01:37] ...lsp/handlers.lua:562	"2025/07/03 20:01:37 signature help failed: call operand is not a func or type: *ast.SelectorExpr (&{0x1402c424990 StatusCode})\n\tposition=9:28\n"
[ERROR][2025-07-03 20:01:53] ...lsp/handlers.lua:562	"2025/07/03 20:01:53 signature help failed: call operand is not a func or type: *ast.SelectorExpr (&{0x1402af8e468 StatusCode})\n\tposition=9:28\n"
[ERROR][2025-07-03 20:07:51] ...lsp/handlers.lua:562	"2025/07/03 20:07:51 signature help failed: cannot get type for Fun *ast.SelectorExpr (&{fmt Sprintf})\n\tposition=19:44\n"
[ERROR][2025-07-03 20:07:52] ...lsp/handlers.lua:562	"2025/07/03 20:07:52 signature help failed: cannot get type for Fun *ast.SelectorExpr (&{fmt Sprintf})\n\tposition=19:44\n"
[ERROR][2025-07-03 20:08:03] ...lsp/handlers.lua:562	"2025/07/03 20:08:03 signature help failed: cannot get type for Fun *ast.SelectorExpr (&{fmt Sprintf})\n\tposition=19:55\n"
[ERROR][2025-07-03 20:08:05] ...lsp/handlers.lua:562	"2025/07/03 20:08:05 signature help failed: cannot get type for Fun *ast.SelectorExpr (&{fmt Sprintf})\n\tposition=19:56\n"
[ERROR][2025-07-04 11:53:57] ...lsp/handlers.lua:562	"2025/07/04 11:53:57 signature help failed: cannot get type for Fun *ast.SelectorExpr (&{errors New})\n\tposition=72:19\n"
[ERROR][2025-07-04 15:34:06] ...lsp/handlers.lua:562	"2025/07/04 15:34:06 no completions found: getting file file:///Users/akoffler/projects/meli/fury_onboarding-aron-v2/internal/adapters/http/error.go for Completion: <nil> (package completions: context canceled)\n\tposition=0:1\n"
[ERROR][2025-07-04 15:34:06] ...lsp/handlers.lua:562	"2025/07/04 15:34:06 no completions found: getting file file:///Users/akoffler/projects/meli/fury_onboarding-aron-v2/internal/adapters/http/error.go for Completion: <nil> (package completions: context canceled)\n\tposition=0:2\n"
[ERROR][2025-07-04 15:34:06] ...lsp/handlers.lua:562	"2025/07/04 15:34:06 no completions found: getting file file:///Users/akoffler/projects/meli/fury_onboarding-aron-v2/internal/adapters/http/error.go for Completion: <nil> (package completions: context canceled)\n\tposition=0:3\n"
[ERROR][2025-07-04 15:34:06] ...lsp/handlers.lua:562	"2025/07/04 15:34:06 no completions found: getting file file:///Users/akoffler/projects/meli/fury_onboarding-aron-v2/internal/adapters/http/error.go for Completion: <nil> (package completions: context canceled)\n\tposition=0:4\n"
[ERROR][2025-07-04 15:48:28] ...lsp/handlers.lua:562	"2025/07/04 15:48:28 signature help failed: call operand is not a func or type: *ast.SelectorExpr (&{customErr Error})\n\tposition=30:17\n"
[ERROR][2025-07-04 15:50:50] ...lsp/handlers.lua:562	"2025/07/04 15:50:50 signature help failed: call operand is not a func or type: *ast.SelectorExpr (&{customErr Code})\n\tposition=30:16\n"
[ERROR][2025-07-04 15:51:50] ...lsp/handlers.lua:562	"2025/07/04 15:51:50 signature help failed: call operand is not a func or type: *ast.SelectorExpr (&{customErr Error})\n\tposition=30:17\n"
[ERROR][2025-07-04 16:11:54] ...lsp/handlers.lua:562	"2025/07/04 16:11:54 signature help failed: cannot get type for Fun *ast.SelectorExpr (&{http GetLogMsg})\n\tposition=14:16\n"
[ERROR][2025-07-04 16:18:59] ...lsp/handlers.lua:562	"2025/07/04 16:18:59 signature help failed: cannot get type for Fun *ast.SelectorExpr (&{errors New})\n\tposition=3:26\n"
[ERROR][2025-07-04 16:33:51] ...lsp/handlers.lua:562	"2025/07/04 16:33:51 signature help failed: cannot get type for Fun *ast.SelectorExpr (&{app use})\n\tposition=19:9\n"
[ERROR][2025-07-04 16:38:34] ...lsp/handlers.lua:562	"2025/07/04 16:38:34 signature help failed: cannot get type for Fun *ast.SelectorExpr (&{mid ValidateHeader})\n\tposition=22:62\n"
[ERROR][2025-07-04 16:52:15] ...lsp/handlers.lua:562	"2025/07/04 16:52:15 signature help failed: cannot get type for Fun *ast.Ident (RegraDeNegocioSinistra)\n\tposition=30:29\n"
[ERROR][2025-07-04 17:34:59] ...lsp/handlers.lua:562	"2025/07/04 17:34:59 signature help failed: cannot get type for Fun *ast.SelectorExpr (&{json Unmarshal})\n\tposition=33:16\n"
[ERROR][2025-07-04 17:35:05] ...lsp/handlers.lua:562	"2025/07/04 17:35:05 signature help failed: cannot get type for Fun *ast.SelectorExpr (&{json Unmarshal})\n\tposition=33:25\n"
[ERROR][2025-07-04 17:35:05] ...lsp/handlers.lua:562	"2025/07/04 17:35:05 signature help failed: cannot get type for Fun *ast.SelectorExpr (&{json Unmarshal})\n\tposition=33:26\n"
[ERROR][2025-07-04 17:36:43] ...lsp/handlers.lua:562	"2025/07/04 17:36:43 signature help failed: cannot get type for Fun *ast.SelectorExpr (&{uuid NewString})\n\tposition=14:21\n"
[ERROR][2025-07-04 17:50:50] ...lsp/handlers.lua:562	"2025/07/04 17:50:50 signature help failed: cannot get type for Fun *ast.SelectorExpr (&{errors Is})\n\tposition=13:16\n"
[ERROR][2025-07-04 17:57:06] ...lsp/handlers.lua:562	"2025/07/04 17:57:06 signature help failed: cannot get type for Fun *ast.SelectorExpr (&{log Error})\n\tposition=16:12\n"
[ERROR][2025-07-04 17:57:07] ...lsp/handlers.lua:562	"2025/07/04 17:57:07 signature help failed: cannot get type for Fun *ast.SelectorExpr (&{log Error})\n\tposition=16:16\n"
[ERROR][2025-07-04 17:57:07] ...lsp/handlers.lua:562	"2025/07/04 17:57:07 signature help failed: cannot get type for Fun *ast.SelectorExpr (&{log Error})\n\tposition=16:17\n"
[ERROR][2025-07-04 17:57:15] ...lsp/handlers.lua:562	"2025/07/04 17:57:15 signature help failed: cannot get type for Fun *ast.SelectorExpr (&{log Error})\n\tposition=16:38\n"
[ERROR][2025-07-04 17:57:16] ...lsp/handlers.lua:562	"2025/07/04 17:57:16 signature help failed: cannot get type for Fun *ast.SelectorExpr (&{log Error})\n\tposition=16:39\n"
[ERROR][2025-07-04 17:57:25] ...lsp/handlers.lua:562	"2025/07/04 17:57:25 signature help failed: cannot get type for Fun *ast.SelectorExpr (&{log Err})\n\tposition=16:47\n"
[ERROR][2025-07-04 18:07:54] ...lsp/handlers.lua:562	"2025/07/04 18:07:54 signature help failed: cannot get type for Fun *ast.Ident (parseSearchQPS)\n\tposition=60:23\n"
[ERROR][2025-07-05 20:41:43] ...lsp/handlers.lua:562	"2025/07/05 20:41:43 signature help failed: cannot get type for Fun *ast.Ident (parseSearchQPS)\n\tposition=60:23\n"
[ERROR][2025-07-05 20:41:46] ...lsp/handlers.lua:562	"2025/07/05 20:41:46 signature help failed: cannot get type for Fun *ast.Ident (parseSearchQPS)\n\tposition=60:23\n"
[ERROR][2025-07-05 20:41:57] ...lsp/handlers.lua:562	"2025/07/05 20:41:57 signature help failed: cannot get type for Fun *ast.Ident (parseSearchQPS)\n\tposition=60:23\n"
[ERROR][2025-07-05 21:11:51] ...lsp/handlers.lua:562	"2025/07/05 21:11:51 signature help failed: call operand is not a func or type: *ast.Ident (make)\n\tposition=85:12\n"
[ERROR][2025-07-05 21:11:54] ...lsp/handlers.lua:562	"2025/07/05 21:11:54 signature help failed: call operand is not a func or type: *ast.Ident (make)\n\tposition=85:27\n"
[ERROR][2025-07-05 21:11:54] ...lsp/handlers.lua:562	"2025/07/05 21:11:54 signature help failed: call operand is not a func or type: *ast.Ident (make)\n\tposition=85:28\n"
[ERROR][2025-07-05 21:14:58] ...lsp/handlers.lua:562	"2025/07/05 21:14:58 signature help failed: cannot get type for Fun *ast.SelectorExpr (&{fmt Errorf})\n\tposition=93:25\n"
[ERROR][2025-07-05 21:14:58] ...lsp/handlers.lua:562	"2025/07/05 21:14:58 signature help failed: cannot get type for Fun *ast.SelectorExpr (&{fmt Errorf})\n\tposition=93:26\n"
[ERROR][2025-07-05 21:14:59] ...lsp/handlers.lua:562	"2025/07/05 21:14:59 signature help failed: cannot get type for Fun *ast.SelectorExpr (&{fmt Errorf})\n\tposition=93:25\n"
[ERROR][2025-07-05 21:16:01] ...lsp/handlers.lua:562	"2025/07/05 21:16:01 signature help failed: cannot get type for Fun *ast.SelectorExpr (&{fmt Errorf})\n\tposition=93:25\n"
[ERROR][2025-07-05 21:16:02] ...lsp/handlers.lua:562	"2025/07/05 21:16:02 signature help failed: cannot get type for Fun *ast.SelectorExpr (&{fmt Errorf})\n\tposition=93:26\n"
[ERROR][2025-07-05 21:16:02] ...lsp/handlers.lua:562	"2025/07/05 21:16:02 signature help failed: cannot get type for Fun *ast.SelectorExpr (&{fmt Errorf})\n\tposition=93:26\n"
[ERROR][2025-07-05 21:16:02] ...lsp/handlers.lua:562	"2025/07/05 21:16:02 signature help failed: cannot get type for Fun *ast.SelectorExpr (&{fmt Errorf})\n\tposition=93:25\n"
[ERROR][2025-07-05 21:16:10] ...lsp/handlers.lua:562	"2025/07/05 21:16:10 signature help failed: cannot get type for Fun *ast.SelectorExpr (&{fmt Errorf})\n\tposition=93:29\n"
[ERROR][2025-07-05 21:16:10] ...lsp/handlers.lua:562	"2025/07/05 21:16:10 signature help failed: cannot get type for Fun *ast.SelectorExpr (&{fmt Errorf})\n\tposition=93:30\n"
[ERROR][2025-07-05 21:16:44] ...lsp/handlers.lua:562	"2025/07/05 21:16:44 signature help failed: cannot get type for Fun *ast.SelectorExpr (&{fmt Errorf})\n\tposition=93:66\n"
[ERROR][2025-07-05 21:16:45] ...lsp/handlers.lua:562	"2025/07/05 21:16:45 signature help failed: cannot get type for Fun *ast.SelectorExpr (&{fmt Errorf})\n\tposition=93:67\n"
[ERROR][2025-07-05 21:31:11] ...lsp/handlers.lua:562	"2025/07/05 21:31:11 signature help failed: cannot get type for Fun *ast.SelectorExpr (&{fury WithErrHandler})\n\tposition=34:56\n"
[ERROR][2025-07-05 21:48:10] ...lsp/handlers.lua:562	"2025/07/05 21:48:10 signature help failed: cannot get type for Fun *ast.SelectorExpr (&{fmt Println})\n\tposition=12:13\n"
[ERROR][2025-07-05 22:01:56] ...lsp/handlers.lua:562	"2025/07/05 22:01:56 no completions found: getting file file:///Users/akoffler/projects/meli/fury_onboarding-aron-v2/internal/adapters/http/query_parameters.go for Completion: <nil> (package completions: context canceled)\n\tposition=0:1\n"
[ERROR][2025-07-05 22:01:57] ...lsp/handlers.lua:562	"2025/07/05 22:01:57 no completions found: getting file file:///Users/akoffler/projects/meli/fury_onboarding-aron-v2/internal/adapters/http/query_parameters.go for Completion: <nil> (package completions: context canceled)\n\tposition=0:2\n"
[ERROR][2025-07-05 22:01:57] ...lsp/handlers.lua:562	"2025/07/05 22:01:57 no completions found: getting file file:///Users/akoffler/projects/meli/fury_onboarding-aron-v2/internal/adapters/http/query_parameters.go for Completion: <nil> (package completions: context canceled)\n\tposition=0:3\n"
[ERROR][2025-07-05 22:11:59] ...lsp/handlers.lua:562	"2025/07/05 22:11:59 signature help failed: cannot get type for Fun *ast.SelectorExpr (&{fmt Errorf})\n\tposition=14:68\n"
[ERROR][2025-07-05 22:11:59] ...lsp/handlers.lua:562	"2025/07/05 22:11:59 signature help failed: cannot get type for Fun *ast.SelectorExpr (&{fmt Errorf})\n\tposition=14:68\n"
[ERROR][2025-07-05 22:11:59] ...lsp/handlers.lua:562	"2025/07/05 22:11:59 signature help failed: cannot get type for Fun *ast.SelectorExpr (&{fmt Errorf})\n\tposition=14:69\n"
[ERROR][2025-07-05 22:11:59] ...lsp/handlers.lua:562	"2025/07/05 22:11:59 signature help failed: cannot get type for Fun *ast.SelectorExpr (&{fmt Errorf})\n\tposition=14:69\n"
[ERROR][2025-07-05 22:13:39] ...lsp/handlers.lua:562	"2025/07/05 22:13:39 signature help failed: call operand is not a func or type: *ast.Ident (new)\n\tposition=21:13\n"
[ERROR][2025-07-05 22:13:39] ...lsp/handlers.lua:562	"2025/07/05 22:13:39 signature help failed: call operand is not a func or type: *ast.Ident (new)\n\tposition=21:13\n"
[ERROR][2025-07-05 22:18:17] ...lsp/handlers.lua:562	"2025/07/05 22:18:17 signature help failed: cannot get type for Fun *ast.Ident (parseCriteria)\n\tposition=75:32\n"
[ERROR][2025-07-05 22:37:04] ...lsp/handlers.lua:562	"2025/07/05 22:37:04 signature help failed: cannot get type for Fun *ast.SelectorExpr (&{fmt Println})\n\tposition=40:13\n"
[ERROR][2025-07-05 22:37:10] ...lsp/handlers.lua:562	"2025/07/05 22:37:10 signature help failed: cannot get type for Fun *ast.SelectorExpr (&{fmt Println})\n\tposition=41:13\n"
[ERROR][2025-07-05 22:50:16] ...lsp/handlers.lua:562	"2025/07/05 22:50:16 no completions found: getting file file:///Users/akoffler/projects/meli/fury_onboarding-aron-v2/internal/adapters/collection/count.go for Completion: <nil> (package completions: invalid position for package completion: cursor in non-matching ident)\n\tposition=0:1\n"
[ERROR][2025-07-05 22:50:16] ...lsp/handlers.lua:562	"2025/07/05 22:50:16 no completions found: getting file file:///Users/akoffler/projects/meli/fury_onboarding-aron-v2/internal/adapters/collection/count.go for Completion: <nil> (package completions: invalid position for package completion: cursor in non-matching ident)\n\tposition=0:2\n"
[ERROR][2025-07-05 22:50:17] ...lsp/handlers.lua:562	"2025/07/05 22:50:17 no completions found: getting file file:///Users/akoffler/projects/meli/fury_onboarding-aron-v2/internal/adapters/collection/count.go for Completion: <nil> (package completions: invalid position for package completion: cursor in non-matching ident)\n\tposition=0:1\n"
[ERROR][2025-07-06 01:14:52] ...lsp/handlers.lua:562	"2025/07/06 01:14:52 signature help failed: cannot get type for Fun *ast.SelectorExpr (&{fmt Errorf})\n\tposition=46:20\n"
[ERROR][2025-07-06 01:15:04] ...lsp/handlers.lua:562	"2025/07/06 01:15:04 signature help failed: cannot get type for Fun *ast.SelectorExpr (&{fmt Errorf})\n\tposition=46:59\n"
[ERROR][2025-07-06 01:15:04] ...lsp/handlers.lua:562	"2025/07/06 01:15:04 signature help failed: cannot get type for Fun *ast.SelectorExpr (&{fmt Errorf})\n\tposition=46:60\n"
[ERROR][2025-07-06 17:02:31] ...lsp/handlers.lua:562	"2025/07/06 17:02:31 signature help failed: cannot get type for Fun *ast.SelectorExpr (&{strings ToLower})\n\tposition=13:24\n"
[ERROR][2025-07-06 17:09:38] ...lsp/handlers.lua:562	"2025/07/06 17:09:38 signature help failed: cannot get type for Fun *ast.SelectorExpr (&{errors Is})\n\tposition=105:15\n"
[ERROR][2025-07-06 17:09:40] ...lsp/handlers.lua:562	"2025/07/06 17:09:40 signature help failed: cannot get type for Fun *ast.SelectorExpr (&{errors Is})\n\tposition=105:19\n"
[ERROR][2025-07-06 17:09:40] ...lsp/handlers.lua:562	"2025/07/06 17:09:40 signature help failed: cannot get type for Fun *ast.SelectorExpr (&{errors Is})\n\tposition=105:20\n"
[ERROR][2025-07-06 17:12:12] ...m/lsp/client.lua:619	"LSP[gopls]"	"Cannot find request with id 26928 whilst attempting to cancel"
[ERROR][2025-07-06 17:12:13] ...m/lsp/client.lua:619	"LSP[gopls]"	"Cannot find request with id 26930 whilst attempting to cancel"
[ERROR][2025-07-06 17:14:37] ...lsp/handlers.lua:562	"2025/07/06 17:14:37 signature help failed: cannot get type for Fun *ast.SelectorExpr (&{0x1401138ec30 DeleteFruit})\n\tposition=133:60\n"
[ERROR][2025-07-06 17:32:49] ...lsp/handlers.lua:562	"2025/07/06 17:32:49 signature help failed: cannot get type for Fun *ast.SelectorExpr (&{fmt Errorf})\n\tposition=41:20\n"
[ERROR][2025-07-06 17:34:02] ...lsp/handlers.lua:562	"2025/07/06 17:34:02 signature help failed: cannot get type for Fun *ast.SelectorExpr (&{fmt Errorf})\n\tposition=48:20\n"
[START][2025-07-07 01:09:42] LSP logging initiated
[ERROR][2025-07-07 01:09:42] ...m/lsp/client.lua:619	"LSP[gopls]"	"Cannot find request with id 242 whilst attempting to cancel"
[ERROR][2025-07-07 01:13:00] ...m/lsp/client.lua:619	"LSP[gopls]"	"Cannot find request with id 291 whilst attempting to cancel"
[ERROR][2025-07-07 01:37:44] ...m/lsp/client.lua:619	"LSP[gopls]"	"Cannot find request with id 1319 whilst attempting to cancel"
[START][2025-07-07 19:08:56] LSP logging initiated
[ERROR][2025-07-07 19:08:56] ...lsp/handlers.lua:562	"2025/07/07 19:08:56 signature help failed: cannot get type for Fun *ast.SelectorExpr (&{0x1400bd66f60 Now})\n\tposition=40:30\n"
[ERROR][2025-07-07 19:21:26] ...lsp/handlers.lua:562	"2025/07/07 19:21:26 signature help failed: cannot get type for Fun *ast.SelectorExpr (&{fixedTime UTC})\n\tposition=45:33\n"
[START][2025-07-07 19:26:16] LSP logging initiated
[ERROR][2025-07-07 19:26:16] ...lsp/handlers.lua:562	"2025/07/07 19:26:16 signature help failed: cannot get type for Fun *ast.SelectorExpr (&{fmt Println})\n\tposition=85:13\n"
[ERROR][2025-07-07 19:26:18] ...lsp/handlers.lua:562	"2025/07/07 19:26:18 signature help failed: cannot get type for Fun *ast.SelectorExpr (&{fmt Println})\n\tposition=85:31\n"
[ERROR][2025-07-07 19:26:18] ...lsp/handlers.lua:562	"2025/07/07 19:26:18 signature help failed: cannot get type for Fun *ast.SelectorExpr (&{fmt Println})\n\tposition=85:32\n"
[START][2025-07-11 15:35:01] LSP logging initiated
[ERROR][2025-07-11 15:35:01] ...lsp/handlers.lua:562	"2025/07/11 15:35:01 signature help failed: cannot get type for Fun *ast.SelectorExpr (&{fmt Sprintf})\n\tposition=45:24\n"
[ERROR][2025-07-11 15:35:14] ...lsp/handlers.lua:562	"2025/07/11 15:35:14 signature help failed: cannot get type for Fun *ast.SelectorExpr (&{fmt Sprintf})\n\tposition=45:46\n"
[ERROR][2025-07-11 15:35:14] ...lsp/handlers.lua:562	"2025/07/11 15:35:14 signature help failed: cannot get type for Fun *ast.SelectorExpr (&{fmt Sprintf})\n\tposition=45:47\n"
[ERROR][2025-07-11 16:20:42] ...lsp/handlers.lua:562	"2025/07/11 16:20:42 signature help failed: cannot get type for Fun *ast.SelectorExpr (&{http New})\n\tposition=54:19\n"
[ERROR][2025-07-11 16:22:22] ...lsp/handlers.lua:562	"2025/07/11 16:22:22 signature help failed: cannot get type for Fun *ast.SelectorExpr (&{httptest NewRecorder})\n\tposition=83:27\n"
[START][2025-07-13 14:23:24] LSP logging initiated
[ERROR][2025-07-13 14:23:24] ...lsp/handlers.lua:562	"2025/07/13 14:23:24 signature help failed: cannot get type for Fun *ast.SelectorExpr (&{fmt Println})\n\tposition=15:14\n"
[ERROR][2025-07-13 14:23:25] ...lsp/handlers.lua:562	"2025/07/13 14:23:25 signature help failed: cannot get type for Fun *ast.SelectorExpr (&{fmt Println})\n\tposition=15:14\n"
[ERROR][2025-07-13 14:28:52] ...lsp/handlers.lua:562	"2025/07/13 14:28:52 signature help failed: cannot get type for Fun *ast.SelectorExpr (&{fmt Println})\n\tposition=298:13\n"
[START][2025-07-14 14:32:14] LSP logging initiated
[ERROR][2025-07-14 14:32:14] ...lsp/handlers.lua:562	"2025/07/14 14:32:14 signature help failed: call operand is not a func or type: *ast.Ident (panic)\n\tposition=42:8\n"
[START][2025-07-14 14:42:01] LSP logging initiated
[ERROR][2025-07-14 14:42:01] ...lsp/handlers.lua:562	"TSServer exited. Code: null. Signal: SIGTERM"
[START][2025-07-16 09:50:13] LSP logging initiated
[ERROR][2025-07-16 09:50:13] ...lsp/handlers.lua:562	"2025/07/16 09:50:13 signature help failed: cannot get type for Fun *ast.Ident (newGeneralizedDependencies)\n\tposition=44:36\n"
[ERROR][2025-07-16 11:03:02] ...lsp/handlers.lua:562	"2025/07/16 11:03:02 no completions found: failed to collect completions: context canceled\n\tposition=23:36\n"
[ERROR][2025-07-16 12:25:20] ...lsp/handlers.lua:562	"2025/07/16 12:25:20 signature help failed: cannot get type for Fun *ast.Ident (setContextData)\n\tposition=50:28\n"
[START][2025-07-22 23:43:56] LSP logging initiated
[ERROR][2025-07-22 23:43:56] ...m/lsp/client.lua:619	"LSP[gopls]"	"Cannot find request with id 42 whilst attempting to cancel"
[START][2025-07-29 12:22:27] LSP logging initiated
[ERROR][2025-07-29 12:22:27] ...lsp/handlers.lua:562	"2025/07/29 12:22:27 signature help failed: cannot get type for Fun *ast.SelectorExpr (&{utils Unmmarshal})\n\tposition=41:30\n"
[ERROR][2025-07-29 12:22:32] ...lsp/handlers.lua:562	"2025/07/29 12:22:32 signature help failed: cannot get type for Fun *ast.IndexExpr (&{0x1401b072510 52700147 UserResponse 52700160})\n\tposition=41:44\n"
[ERROR][2025-07-29 12:22:33] ...lsp/handlers.lua:562	"2025/07/29 12:22:33 signature help failed: cannot get type for Fun *ast.IndexExpr (&{0x140160a2570 52737859 UserResponse 52737872})\n\tposition=41:48\n"
[ERROR][2025-07-29 12:22:33] ...lsp/handlers.lua:562	"2025/07/29 12:22:33 signature help failed: cannot get type for Fun *ast.IndexExpr (&{0x14031b41788 52747302 UserResponse 52747315})\n\tposition=41:49\n"
[ERROR][2025-07-29 12:22:58] ...lsp/handlers.lua:562	"2025/07/29 12:22:58 signature help failed: cannot get type for Fun *ast.SelectorExpr (&{fmt Errorf})\n\tposition=43:36\n"
[ERROR][2025-07-29 12:23:24] ...lsp/handlers.lua:562	"2025/07/29 12:23:24 signature help failed: cannot get type for Fun *ast.SelectorExpr (&{fmt Errorf})\n\tposition=43:88\n"
[ERROR][2025-07-29 12:23:24] ...lsp/handlers.lua:562	"2025/07/29 12:23:24 signature help failed: cannot get type for Fun *ast.SelectorExpr (&{fmt Errorf})\n\tposition=43:89\n"
[ERROR][2025-07-29 12:23:25] ...lsp/handlers.lua:562	"2025/07/29 12:23:25 signature help failed: cannot get type for Fun *ast.SelectorExpr (&{fmt Errorf})\n\tposition=43:93\n"
[ERROR][2025-07-29 12:23:25] ...lsp/handlers.lua:562	"2025/07/29 12:23:25 signature help failed: cannot get type for Fun *ast.SelectorExpr (&{fmt Errorf})\n\tposition=43:94\n"
[ERROR][2025-07-29 12:24:23] ...lsp/handlers.lua:562	"2025/07/29 12:24:23 signature help failed: cannot get type for Fun *ast.SelectorExpr (&{json Unmarshal})\n\tposition=43:22\n"
[ERROR][2025-07-29 12:24:26] ...lsp/handlers.lua:562	"2025/07/29 12:24:26 signature help failed: cannot get type for Fun *ast.SelectorExpr (&{json Unmarshal})\n\tposition=43:31\n"
[ERROR][2025-07-29 12:24:26] ...lsp/handlers.lua:562	"2025/07/29 12:24:26 signature help failed: cannot get type for Fun *ast.SelectorExpr (&{json Unmarshal})\n\tposition=43:32\n"
[ERROR][2025-07-29 12:32:12] ...lsp/handlers.lua:562	"2025/07/29 12:32:12 signature help failed: cannot get type for Fun *ast.SelectorExpr (&{errors New})\n\tposition=20:25\n"
[ERROR][2025-07-29 12:49:10] ...lsp/handlers.lua:562	"2025/07/29 12:49:10 signature help failed: cannot get type for Fun *ast.SelectorExpr (&{client WithCache})\n\tposition=21:92\n"
[ERROR][2025-07-29 12:51:33] ...lsp/handlers.lua:562	"2025/07/29 12:51:33 signature help failed: cannot get type for Fun *ast.SelectorExpr (&{strings Contains})\n\tposition=45:18\n"
[START][2025-07-29 16:57:25] LSP logging initiated
[ERROR][2025-07-29 16:57:25] ...lsp/handlers.lua:562	"2025/07/29 16:57:25 signature help failed: cannot get type for Fun *ast.SelectorExpr (&{uc Getuser})\n\tposition=211:25\n"
[ERROR][2025-07-29 16:57:25] ...lsp/handlers.lua:562	"2025/07/29 16:57:25 signature help failed: cannot get type for Fun *ast.SelectorExpr (&{uc Getuser})\n\tposition=211:29\n"
[ERROR][2025-07-29 16:57:26] ...lsp/handlers.lua:562	"2025/07/29 16:57:26 signature help failed: cannot get type for Fun *ast.SelectorExpr (&{uc Getuser})\n\tposition=211:30\n"
[START][2025-07-30 16:55:56] LSP logging initiated
[ERROR][2025-07-30 16:55:56] ...lsp/handlers.lua:562	"2025/07/30 16:55:56 signature help failed: cannot get type for Fun *ast.SelectorExpr (&{uc isTestUser})\n\tposition=52:22\n"
[ERROR][2025-07-30 17:10:47] ...lsp/handlers.lua:562	"2025/07/30 17:10:47 signature help failed: cannot get type for Fun *ast.SelectorExpr (&{err Error})\n\tposition=64:42\n"
[ERROR][2025-07-30 17:10:50] ...lsp/handlers.lua:562	"2025/07/30 17:10:50 signature help failed: cannot get type for Fun *ast.Ident (NewInternalServerError)\n\tposition=64:32\n"
[START][2025-08-01 17:42:10] LSP logging initiated
[ERROR][2025-08-01 17:42:10] ...lsp/handlers.lua:562	"2025/08/01 17:42:10 no completions found: getting file file:///Users/akoffler/projects/meli/fury_cx-engineering-kb/vs-framework/v1/context.go for Completion: <nil> (package completions: invalid position for package completion: cursor in non-matching ident)\n\tposition=0:1\n"
[ERROR][2025-08-01 17:51:33] ...lsp/handlers.lua:562	"2025/08/01 17:51:33 signature help failed: cannot get type for Fun *ast.SelectorExpr (&{datahub WithDatahubOptions})\n\tposition=22:37\n"
[ERROR][2025-08-01 17:51:38] ...lsp/handlers.lua:562	"2025/08/01 17:51:38 signature help failed: cannot get type for Fun *ast.SelectorExpr (&{r Context})\n\tposition=22:47\n"
[ERROR][2025-08-01 17:54:35] ...lsp/handlers.lua:562	"2025/08/01 17:54:35 signature help failed: cannot get type for Fun *ast.SelectorExpr (&{0x1401064bcb0 Get})\n\tposition=30:24\n"
[ERROR][2025-08-01 17:55:16] ...lsp/handlers.lua:562	"2025/08/01 17:55:16 signature help failed: cannot get type for Fun *ast.SelectorExpr (&{0x140117599b0 Get})\n\tposition=31:26\n"
[ERROR][2025-08-01 17:55:18] ...lsp/handlers.lua:562	"2025/08/01 17:55:18 signature help failed: cannot get type for Fun *ast.SelectorExpr (&{0x1400cd9c6d8 Get})\n\tposition=31:26\n"
[ERROR][2025-08-01 17:55:25] ...lsp/handlers.lua:562	"2025/08/01 17:55:25 signature help failed: cannot get type for Fun *ast.SelectorExpr (&{0x1400cc03950 Get})\n\tposition=32:28\n"
[ERROR][2025-08-01 17:56:04] ...lsp/handlers.lua:562	"2025/08/01 17:56:04 signature help failed: cannot get type for Fun *ast.SelectorExpr (&{0x1400fab1578 Get})\n\tposition=33:32\n"
[ERROR][2025-08-01 17:56:05] ...lsp/handlers.lua:562	"2025/08/01 17:56:05 signature help failed: cannot get type for Fun *ast.SelectorExpr (&{0x1400fd4d620 Get})\n\tposition=33:32\n"
[ERROR][2025-08-01 17:57:10] ...lsp/handlers.lua:562	"2025/08/01 17:57:10 signature help failed: cannot get type for Fun *ast.SelectorExpr (&{datahub WithDatahubOptions})\n\tposition=37:50\n"
[ERROR][2025-08-01 17:57:12] ...lsp/handlers.lua:562	"2025/08/01 17:57:12 signature help failed: cannot get type for Fun *ast.SelectorExpr (&{datahub WithDatahubOptions})\n\tposition=37:50\n"
[ERROR][2025-08-01 17:57:36] ...lsp/handlers.lua:562	"2025/08/01 17:57:36 signature help failed: cannot get type for Fun *ast.SelectorExpr (&{datahub WithDatahubOptions})\n\tposition=39:50\n"
[ERROR][2025-08-01 17:57:44] ...lsp/handlers.lua:562	"2025/08/01 17:57:44 signature help failed: cannot get type for Fun *ast.SelectorExpr (&{r Context})\n\tposition=41:41\n"
[ERROR][2025-08-01 17:57:46] ...lsp/handlers.lua:562	"2025/08/01 17:57:46 signature help failed: cannot get type for Fun *ast.SelectorExpr (&{r WithContext})\n\tposition=41:31\n"
[ERROR][2025-08-01 17:59:26] ...lsp/handlers.lua:562	"2025/08/01 17:59:26 signature help failed: cannot get type for Fun *ast.Ident (parseBool)\n\tposition=20:26\n"
[ERROR][2025-08-01 17:59:32] ...lsp/handlers.lua:562	"2025/08/01 17:59:32 signature help failed: cannot get type for Fun *ast.Ident (parseLiteralBool)\n\tposition=20:33\n"
[ERROR][2025-08-01 17:59:48] ...lsp/handlers.lua:562	'2025/08/01 17:59:48 unable to compute deps errors: stat : no such file or directory\n\tpackage="_/Users/akoffler/projects/meli/fury_cx-engineering-kb/vs-framework/v1"\n'
[ERROR][2025-08-01 17:59:50] ...lsp/handlers.lua:562	'2025/08/01 17:59:50 unable to compute deps errors: stat : no such file or directory\n\tpackage="_/Users/akoffler/projects/meli/fury_cx-engineering-kb/vs-framework/v1"\n'
[ERROR][2025-08-01 17:59:50] ...lsp/handlers.lua:562	'2025/08/01 17:59:50 unable to compute deps errors: stat : no such file or directory\n\tpackage="_/Users/akoffler/projects/meli/fury_cx-engineering-kb/vs-framework/v1"\n'
[ERROR][2025-08-01 17:59:50] ...lsp/handlers.lua:562	'2025/08/01 17:59:50 unable to compute deps errors: stat : no such file or directory\n\tpackage="_/Users/akoffler/projects/meli/fury_cx-engineering-kb/vs-framework/v1"\n'
[ERROR][2025-08-01 17:59:51] ...lsp/handlers.lua:562	'2025/08/01 17:59:51 unable to compute deps errors: stat : no such file or directory\n\tpackage="_/Users/akoffler/projects/meli/fury_cx-engineering-kb/vs-framework/v1"\n'
[ERROR][2025-08-01 17:59:51] ...lsp/handlers.lua:562	'2025/08/01 17:59:51 unable to compute deps errors: stat : no such file or directory\n\tpackage="_/Users/akoffler/projects/meli/fury_cx-engineering-kb/vs-framework/v1"\n'
[ERROR][2025-08-01 17:59:51] ...lsp/handlers.lua:562	'2025/08/01 17:59:51 unable to compute deps errors: stat : no such file or directory\n\tpackage="_/Users/akoffler/projects/meli/fury_cx-engineering-kb/vs-framework/v1"\n'
[ERROR][2025-08-01 17:59:52] ...lsp/handlers.lua:562	'2025/08/01 17:59:52 unable to compute deps errors: stat : no such file or directory\n\tpackage="_/Users/akoffler/projects/meli/fury_cx-engineering-kb/vs-framework/v1"\n'
[ERROR][2025-08-01 17:59:53] ...lsp/handlers.lua:562	'2025/08/01 17:59:53 unable to compute deps errors: stat : no such file or directory\n\tpackage="_/Users/akoffler/projects/meli/fury_cx-engineering-kb/vs-framework/v1"\n'
[ERROR][2025-08-01 17:59:53] ...lsp/handlers.lua:562	'2025/08/01 17:59:53 unable to compute deps errors: stat : no such file or directory\n\tpackage="_/Users/akoffler/projects/meli/fury_cx-engineering-kb/vs-framework/v1"\n'
[ERROR][2025-08-01 17:59:54] ...lsp/handlers.lua:562	'2025/08/01 17:59:54 unable to compute deps errors: stat : no such file or directory\n\tpackage="_/Users/akoffler/projects/meli/fury_cx-engineering-kb/vs-framework/v1"\n'
[ERROR][2025-08-01 17:59:55] ...lsp/handlers.lua:562	'2025/08/01 17:59:55 unable to compute deps errors: stat : no such file or directory\n\tpackage="_/Users/akoffler/projects/meli/fury_cx-engineering-kb/vs-framework/v1"\n'
[ERROR][2025-08-01 17:59:55] ...lsp/handlers.lua:562	'2025/08/01 17:59:55 unable to compute deps errors: stat : no such file or directory\n\tpackage="_/Users/akoffler/projects/meli/fury_cx-engineering-kb/vs-framework/v1"\n'
[ERROR][2025-08-01 17:59:55] ...lsp/handlers.lua:562	'2025/08/01 17:59:55 unable to compute deps errors: stat : no such file or directory\n\tpackage="_/Users/akoffler/projects/meli/fury_cx-engineering-kb/vs-framework/v1"\n'
[ERROR][2025-08-01 17:59:55] ...lsp/handlers.lua:562	'2025/08/01 17:59:55 unable to compute deps errors: stat : no such file or directory\n\tpackage="_/Users/akoffler/projects/meli/fury_cx-engineering-kb/vs-framework/v1"\n'
[ERROR][2025-08-01 17:59:55] ...lsp/handlers.lua:562	'2025/08/01 17:59:55 unable to compute deps errors: stat : no such file or directory\n\tpackage="_/Users/akoffler/projects/meli/fury_cx-engineering-kb/vs-framework/v1"\n'
[ERROR][2025-08-01 17:59:55] ...lsp/handlers.lua:562	'2025/08/01 17:59:55 unable to compute deps errors: stat : no such file or directory\n\tpackage="_/Users/akoffler/projects/meli/fury_cx-engineering-kb/vs-framework/v1"\n'
[ERROR][2025-08-01 17:59:55] ...lsp/handlers.lua:562	'2025/08/01 17:59:55 unable to compute deps errors: stat : no such file or directory\n\tpackage="_/Users/akoffler/projects/meli/fury_cx-engineering-kb/vs-framework/v1"\n'
[ERROR][2025-08-01 17:59:55] ...lsp/handlers.lua:562	'2025/08/01 17:59:55 unable to compute deps errors: stat : no such file or directory\n\tpackage="_/Users/akoffler/projects/meli/fury_cx-engineering-kb/vs-framework/v1"\n'
[ERROR][2025-08-01 17:59:55] ...lsp/handlers.lua:562	'2025/08/01 17:59:55 unable to compute deps errors: stat : no such file or directory\n\tpackage="_/Users/akoffler/projects/meli/fury_cx-engineering-kb/vs-framework/v1"\n'
[ERROR][2025-08-01 17:59:55] ...lsp/handlers.lua:562	'2025/08/01 17:59:55 unable to compute deps errors: stat : no such file or directory\n\tpackage="_/Users/akoffler/projects/meli/fury_cx-engineering-kb/vs-framework/v1"\n'
[ERROR][2025-08-01 17:59:55] ...lsp/handlers.lua:562	'2025/08/01 17:59:55 unable to compute deps errors: stat : no such file or directory\n\tpackage="_/Users/akoffler/projects/meli/fury_cx-engineering-kb/vs-framework/v1"\n'
[ERROR][2025-08-01 17:59:56] ...lsp/handlers.lua:562	'2025/08/01 17:59:56 unable to compute deps errors: stat : no such file or directory\n\tpackage="_/Users/akoffler/projects/meli/fury_cx-engineering-kb/vs-framework/v1"\n'
[ERROR][2025-08-01 17:59:56] ...lsp/handlers.lua:562	'2025/08/01 17:59:56 unable to compute deps errors: stat : no such file or directory\n\tpackage="_/Users/akoffler/projects/meli/fury_cx-engineering-kb/vs-framework/v1"\n'
[ERROR][2025-08-01 17:59:56] ...lsp/handlers.lua:562	'2025/08/01 17:59:56 unable to compute deps errors: stat : no such file or directory\n\tpackage="_/Users/akoffler/projects/meli/fury_cx-engineering-kb/vs-framework/v1"\n'
[ERROR][2025-08-01 17:59:56] ...lsp/handlers.lua:562	'2025/08/01 17:59:56 unable to compute deps errors: stat : no such file or directory\n\tpackage="_/Users/akoffler/projects/meli/fury_cx-engineering-kb/vs-framework/v1"\n'
[ERROR][2025-08-01 17:59:56] ...lsp/handlers.lua:562	'2025/08/01 17:59:56 unable to compute deps errors: stat : no such file or directory\n\tpackage="_/Users/akoffler/projects/meli/fury_cx-engineering-kb/vs-framework/v1"\n'
[ERROR][2025-08-01 17:59:56] ...lsp/handlers.lua:562	'2025/08/01 17:59:56 unable to compute deps errors: stat : no such file or directory\n\tpackage="_/Users/akoffler/projects/meli/fury_cx-engineering-kb/vs-framework/v1"\n'
[ERROR][2025-08-01 17:59:56] ...lsp/handlers.lua:562	'2025/08/01 17:59:56 unable to compute deps errors: stat : no such file or directory\n\tpackage="_/Users/akoffler/projects/meli/fury_cx-engineering-kb/vs-framework/v1"\n'
[ERROR][2025-08-01 18:00:02] ...lsp/handlers.lua:562	'2025/08/01 18:00:02 unable to compute deps errors: stat : no such file or directory\n\tpackage="_/Users/akoffler/projects/meli/fury_cx-engineering-kb/vs-framework/v1"\n'
[ERROR][2025-08-01 18:00:03] ...lsp/handlers.lua:562	'2025/08/01 18:00:03 unable to compute deps errors: stat : no such file or directory\n\tpackage="_/Users/akoffler/projects/meli/fury_cx-engineering-kb/vs-framework/v1"\n'
[ERROR][2025-08-01 18:00:03] ...lsp/handlers.lua:562	'2025/08/01 18:00:03 unable to compute deps errors: stat : no such file or directory\n\tpackage="_/Users/akoffler/projects/meli/fury_cx-engineering-kb/vs-framework/v1"\n'
[ERROR][2025-08-01 18:00:03] ...lsp/handlers.lua:562	'2025/08/01 18:00:03 unable to compute deps errors: stat : no such file or directory\n\tpackage="_/Users/akoffler/projects/meli/fury_cx-engineering-kb/vs-framework/v1"\n'
[ERROR][2025-08-01 18:00:03] ...lsp/handlers.lua:562	'2025/08/01 18:00:03 unable to compute deps errors: stat : no such file or directory\n\tpackage="_/Users/akoffler/projects/meli/fury_cx-engineering-kb/vs-framework/v1"\n'
[ERROR][2025-08-01 18:00:03] ...lsp/handlers.lua:562	'2025/08/01 18:00:03 unable to compute deps errors: stat : no such file or directory\n\tpackage="_/Users/akoffler/projects/meli/fury_cx-engineering-kb/vs-framework/v1"\n'
[ERROR][2025-08-01 18:00:03] ...lsp/handlers.lua:562	'2025/08/01 18:00:03 unable to compute deps errors: stat : no such file or directory\n\tpackage="_/Users/akoffler/projects/meli/fury_cx-engineering-kb/vs-framework/v1"\n'
[ERROR][2025-08-01 18:00:03] ...lsp/handlers.lua:562	'2025/08/01 18:00:03 unable to compute deps errors: stat : no such file or directory\n\tpackage="_/Users/akoffler/projects/meli/fury_cx-engineering-kb/vs-framework/v1"\n'
[ERROR][2025-08-01 18:00:03] ...lsp/handlers.lua:562	'2025/08/01 18:00:03 unable to compute deps errors: stat : no such file or directory\n\tpackage="_/Users/akoffler/projects/meli/fury_cx-engineering-kb/vs-framework/v1"\n'
[ERROR][2025-08-01 18:00:04] ...lsp/handlers.lua:562	'2025/08/01 18:00:04 unable to compute deps errors: stat : no such file or directory\n\tpackage="_/Users/akoffler/projects/meli/fury_cx-engineering-kb/vs-framework/v1"\n'
[ERROR][2025-08-01 18:00:04] ...lsp/handlers.lua:562	'2025/08/01 18:00:04 unable to compute deps errors: stat : no such file or directory\n\tpackage="_/Users/akoffler/projects/meli/fury_cx-engineering-kb/vs-framework/v1"\n'
[ERROR][2025-08-01 18:00:05] ...lsp/handlers.lua:562	'2025/08/01 18:00:05 unable to compute deps errors: stat : no such file or directory\n\tpackage="_/Users/akoffler/projects/meli/fury_cx-engineering-kb/vs-framework/v1"\n'
[ERROR][2025-08-01 18:00:05] ...lsp/handlers.lua:562	'2025/08/01 18:00:05 unable to compute deps errors: stat : no such file or directory\n\tpackage="_/Users/akoffler/projects/meli/fury_cx-engineering-kb/vs-framework/v1"\n'
[ERROR][2025-08-01 18:00:05] ...lsp/handlers.lua:562	'2025/08/01 18:00:05 unable to compute deps errors: stat : no such file or directory\n\tpackage="_/Users/akoffler/projects/meli/fury_cx-engineering-kb/vs-framework/v1"\n'
[ERROR][2025-08-01 18:00:07] ...lsp/handlers.lua:562	'2025/08/01 18:00:07 unable to compute deps errors: stat : no such file or directory\n\tpackage="_/Users/akoffler/projects/meli/fury_cx-engineering-kb/vs-framework/v1"\n'
[ERROR][2025-08-01 18:00:07] ...lsp/handlers.lua:562	'2025/08/01 18:00:07 unable to compute deps errors: stat : no such file or directory\n\tpackage="_/Users/akoffler/projects/meli/fury_cx-engineering-kb/vs-framework/v1"\n'
[ERROR][2025-08-01 18:00:10] ...lsp/handlers.lua:562	'2025/08/01 18:00:10 unable to compute deps errors: stat : no such file or directory\n\tpackage="_/Users/akoffler/projects/meli/fury_cx-engineering-kb/vs-framework/v1"\n'
[ERROR][2025-08-01 18:00:10] ...lsp/handlers.lua:562	'2025/08/01 18:00:10 unable to compute deps errors: stat : no such file or directory\n\tpackage="_/Users/akoffler/projects/meli/fury_cx-engineering-kb/vs-framework/v1"\n'
[ERROR][2025-08-01 18:00:12] ...lsp/handlers.lua:562	'2025/08/01 18:00:12 unable to compute deps errors: stat : no such file or directory\n\tpackage="_/Users/akoffler/projects/meli/fury_cx-engineering-kb/vs-framework/v1"\n'
[ERROR][2025-08-01 18:00:12] ...lsp/handlers.lua:562	'2025/08/01 18:00:12 unable to compute deps errors: stat : no such file or directory\n\tpackage="_/Users/akoffler/projects/meli/fury_cx-engineering-kb/vs-framework/v1"\n'
[ERROR][2025-08-01 18:00:12] ...lsp/handlers.lua:562	'2025/08/01 18:00:12 unable to compute deps errors: stat : no such file or directory\n\tpackage="_/Users/akoffler/projects/meli/fury_cx-engineering-kb/vs-framework/v1"\n'
[ERROR][2025-08-01 18:00:12] ...lsp/handlers.lua:562	'2025/08/01 18:00:12 unable to compute deps errors: stat : no such file or directory\n\tpackage="_/Users/akoffler/projects/meli/fury_cx-engineering-kb/vs-framework/v1"\n'
[ERROR][2025-08-01 18:00:12] ...lsp/handlers.lua:562	'2025/08/01 18:00:12 unable to compute deps errors: stat : no such file or directory\n\tpackage="_/Users/akoffler/projects/meli/fury_cx-engineering-kb/vs-framework/v1"\n'
[ERROR][2025-08-01 18:00:12] ...lsp/handlers.lua:562	'2025/08/01 18:00:12 unable to compute deps errors: stat : no such file or directory\n\tpackage="_/Users/akoffler/projects/meli/fury_cx-engineering-kb/vs-framework/v1"\n'
[ERROR][2025-08-01 18:00:12] ...lsp/handlers.lua:562	'2025/08/01 18:00:12 unable to compute deps errors: stat : no such file or directory\n\tpackage="_/Users/akoffler/projects/meli/fury_cx-engineering-kb/vs-framework/v1"\n'
[ERROR][2025-08-01 18:00:13] ...lsp/handlers.lua:562	'2025/08/01 18:00:13 unable to compute deps errors: stat : no such file or directory\n\tpackage="_/Users/akoffler/projects/meli/fury_cx-engineering-kb/vs-framework/v1"\n'
[ERROR][2025-08-01 18:00:13] ...lsp/handlers.lua:562	'2025/08/01 18:00:13 unable to compute deps errors: stat : no such file or directory\n\tpackage="_/Users/akoffler/projects/meli/fury_cx-engineering-kb/vs-framework/v1"\n'
[ERROR][2025-08-01 18:00:13] ...lsp/handlers.lua:562	'2025/08/01 18:00:13 unable to compute deps errors: stat : no such file or directory\n\tpackage="_/Users/akoffler/projects/meli/fury_cx-engineering-kb/vs-framework/v1"\n'
[ERROR][2025-08-01 18:00:13] ...lsp/handlers.lua:562	'2025/08/01 18:00:13 unable to compute deps errors: stat : no such file or directory\n\tpackage="_/Users/akoffler/projects/meli/fury_cx-engineering-kb/vs-framework/v1"\n'
[ERROR][2025-08-01 18:00:13] ...lsp/handlers.lua:562	'2025/08/01 18:00:13 unable to compute deps errors: stat : no such file or directory\n\tpackage="_/Users/akoffler/projects/meli/fury_cx-engineering-kb/vs-framework/v1"\n'
[ERROR][2025-08-01 18:00:13] ...lsp/handlers.lua:562	'2025/08/01 18:00:13 unable to compute deps errors: stat : no such file or directory\n\tpackage="_/Users/akoffler/projects/meli/fury_cx-engineering-kb/vs-framework/v1"\n'
[ERROR][2025-08-01 18:00:14] ...lsp/handlers.lua:562	'2025/08/01 18:00:14 unable to compute deps errors: stat : no such file or directory\n\tpackage="_/Users/akoffler/projects/meli/fury_cx-engineering-kb/vs-framework/v1"\n'
[ERROR][2025-08-01 18:00:17] ...lsp/handlers.lua:562	'2025/08/01 18:00:17 unable to compute deps errors: stat : no such file or directory\n\tpackage="_/Users/akoffler/projects/meli/fury_cx-engineering-kb/vs-framework/v1"\n'
[ERROR][2025-08-01 18:00:18] ...lsp/handlers.lua:562	'2025/08/01 18:00:18 unable to compute deps errors: stat : no such file or directory\n\tpackage="_/Users/akoffler/projects/meli/fury_cx-engineering-kb/vs-framework/v1"\n'
[ERROR][2025-08-01 18:00:18] ...lsp/handlers.lua:562	'2025/08/01 18:00:18 unable to compute deps errors: stat : no such file or directory\n\tpackage="_/Users/akoffler/projects/meli/fury_cx-engineering-kb/vs-framework/v1"\n'
[ERROR][2025-08-01 18:00:21] ...lsp/handlers.lua:562	'2025/08/01 18:00:21 unable to compute deps errors: stat : no such file or directory\n\tpackage="_/Users/akoffler/projects/meli/fury_cx-engineering-kb/vs-framework/v1"\n'
[ERROR][2025-08-01 18:00:22] ...lsp/handlers.lua:562	'2025/08/01 18:00:22 unable to compute deps errors: stat : no such file or directory\n\tpackage="_/Users/akoffler/projects/meli/fury_cx-engineering-kb/vs-framework/v1"\n'
[ERROR][2025-08-01 18:00:22] ...lsp/handlers.lua:562	'2025/08/01 18:00:22 unable to compute deps errors: stat : no such file or directory\n\tpackage="_/Users/akoffler/projects/meli/fury_cx-engineering-kb/vs-framework/v1"\n'
[ERROR][2025-08-01 18:00:22] ...lsp/handlers.lua:562	'2025/08/01 18:00:22 unable to compute deps errors: stat : no such file or directory\n\tpackage="_/Users/akoffler/projects/meli/fury_cx-engineering-kb/vs-framework/v1"\n'
[ERROR][2025-08-01 18:00:29] ...lsp/handlers.lua:562	'2025/08/01 18:00:29 unable to compute deps errors: stat : no such file or directory\n\tpackage="_/Users/akoffler/projects/meli/fury_cx-engineering-kb/vs-framework/v1"\n'
[ERROR][2025-08-01 18:00:29] ...lsp/handlers.lua:562	'2025/08/01 18:00:29 unable to compute deps errors: stat : no such file or directory\n\tpackage="_/Users/akoffler/projects/meli/fury_cx-engineering-kb/vs-framework/v1"\n'
[ERROR][2025-08-01 18:00:29] ...lsp/handlers.lua:562	'2025/08/01 18:00:29 unable to compute deps errors: stat : no such file or directory\n\tpackage="_/Users/akoffler/projects/meli/fury_cx-engineering-kb/vs-framework/v1"\n'
[ERROR][2025-08-01 18:00:30] ...lsp/handlers.lua:562	'2025/08/01 18:00:30 unable to compute deps errors: stat : no such file or directory\n\tpackage="_/Users/akoffler/projects/meli/fury_cx-engineering-kb/vs-framework/v1"\n'
[ERROR][2025-08-01 18:00:31] ...lsp/handlers.lua:562	'2025/08/01 18:00:31 unable to compute deps errors: stat : no such file or directory\n\tpackage="_/Users/akoffler/projects/meli/fury_cx-engineering-kb/vs-framework/v1"\n'
[ERROR][2025-08-01 18:00:31] ...lsp/handlers.lua:562	'2025/08/01 18:00:31 unable to compute deps errors: stat : no such file or directory\n\tpackage="_/Users/akoffler/projects/meli/fury_cx-engineering-kb/vs-framework/v1"\n'
[ERROR][2025-08-01 18:00:31] ...lsp/handlers.lua:562	'2025/08/01 18:00:31 unable to compute deps errors: stat : no such file or directory\n\tpackage="_/Users/akoffler/projects/meli/fury_cx-engineering-kb/vs-framework/v1"\n'
[ERROR][2025-08-01 18:00:31] ...lsp/handlers.lua:562	'2025/08/01 18:00:31 unable to compute deps errors: stat : no such file or directory\n\tpackage="_/Users/akoffler/projects/meli/fury_cx-engineering-kb/vs-framework/v1"\n'
[ERROR][2025-08-01 18:00:31] ...lsp/handlers.lua:562	'2025/08/01 18:00:31 unable to compute deps errors: stat : no such file or directory\n\tpackage="_/Users/akoffler/projects/meli/fury_cx-engineering-kb/vs-framework/v1"\n'
[ERROR][2025-08-01 18:00:31] ...lsp/handlers.lua:562	'2025/08/01 18:00:31 unable to compute deps errors: stat : no such file or directory\n\tpackage="_/Users/akoffler/projects/meli/fury_cx-engineering-kb/vs-framework/v1"\n'
[ERROR][2025-08-01 18:00:31] ...lsp/handlers.lua:562	'2025/08/01 18:00:31 unable to compute deps errors: stat : no such file or directory\n\tpackage="_/Users/akoffler/projects/meli/fury_cx-engineering-kb/vs-framework/v1"\n'
[ERROR][2025-08-01 18:00:31] ...lsp/handlers.lua:562	'2025/08/01 18:00:31 unable to compute deps errors: stat : no such file or directory\n\tpackage="_/Users/akoffler/projects/meli/fury_cx-engineering-kb/vs-framework/v1"\n'
[ERROR][2025-08-01 18:00:32] ...lsp/handlers.lua:562	'2025/08/01 18:00:32 unable to compute deps errors: stat : no such file or directory\n\tpackage="_/Users/akoffler/projects/meli/fury_cx-engineering-kb/vs-framework/v1"\n'
[ERROR][2025-08-01 18:00:37] ...lsp/handlers.lua:562	'2025/08/01 18:00:37 unable to compute deps errors: stat : no such file or directory\n\tpackage="_/Users/akoffler/projects/meli/fury_cx-engineering-kb/vs-framework/v1"\n'
[ERROR][2025-08-01 18:00:37] ...lsp/handlers.lua:562	'2025/08/01 18:00:37 unable to compute deps errors: stat : no such file or directory\n\tpackage="_/Users/akoffler/projects/meli/fury_cx-engineering-kb/vs-framework/v1"\n'
[ERROR][2025-08-01 18:00:37] ...lsp/handlers.lua:562	'2025/08/01 18:00:37 unable to compute deps errors: stat : no such file or directory\n\tpackage="_/Users/akoffler/projects/meli/fury_cx-engineering-kb/vs-framework/v1"\n'
[ERROR][2025-08-01 18:00:38] ...lsp/handlers.lua:562	'2025/08/01 18:00:38 unable to compute deps errors: stat : no such file or directory\n\tpackage="_/Users/akoffler/projects/meli/fury_cx-engineering-kb/vs-framework/v1"\n'
[ERROR][2025-08-01 18:00:38] ...lsp/handlers.lua:562	'2025/08/01 18:00:38 unable to compute deps errors: stat : no such file or directory\n\tpackage="_/Users/akoffler/projects/meli/fury_cx-engineering-kb/vs-framework/v1"\n'
[ERROR][2025-08-01 18:00:38] ...lsp/handlers.lua:562	'2025/08/01 18:00:38 unable to compute deps errors: stat : no such file or directory\n\tpackage="_/Users/akoffler/projects/meli/fury_cx-engineering-kb/vs-framework/v1"\n'
[ERROR][2025-08-01 18:00:38] ...lsp/handlers.lua:562	'2025/08/01 18:00:38 unable to compute deps errors: stat : no such file or directory\n\tpackage="_/Users/akoffler/projects/meli/fury_cx-engineering-kb/vs-framework/v1"\n'
[ERROR][2025-08-01 18:00:38] ...lsp/handlers.lua:562	'2025/08/01 18:00:38 unable to compute deps errors: stat : no such file or directory\n\tpackage="_/Users/akoffler/projects/meli/fury_cx-engineering-kb/vs-framework/v1"\n'
[ERROR][2025-08-01 18:00:38] ...lsp/handlers.lua:562	'2025/08/01 18:00:38 unable to compute deps errors: stat : no such file or directory\n\tpackage="_/Users/akoffler/projects/meli/fury_cx-engineering-kb/vs-framework/v1"\n'
[ERROR][2025-08-01 18:00:38] ...lsp/handlers.lua:562	'2025/08/01 18:00:38 unable to compute deps errors: stat : no such file or directory\n\tpackage="_/Users/akoffler/projects/meli/fury_cx-engineering-kb/vs-framework/v1"\n'
[ERROR][2025-08-01 18:00:38] ...lsp/handlers.lua:562	'2025/08/01 18:00:38 unable to compute deps errors: stat : no such file or directory\n\tpackage="_/Users/akoffler/projects/meli/fury_cx-engineering-kb/vs-framework/v1"\n'
[ERROR][2025-08-01 18:00:38] ...lsp/handlers.lua:562	'2025/08/01 18:00:38 unable to compute deps errors: stat : no such file or directory\n\tpackage="_/Users/akoffler/projects/meli/fury_cx-engineering-kb/vs-framework/v1"\n'
[ERROR][2025-08-01 18:00:39] ...lsp/handlers.lua:562	'2025/08/01 18:00:39 unable to compute deps errors: stat : no such file or directory\n\tpackage="_/Users/akoffler/projects/meli/fury_cx-engineering-kb/vs-framework/v1"\n'
[ERROR][2025-08-01 18:00:39] ...lsp/handlers.lua:562	'2025/08/01 18:00:39 unable to compute deps errors: stat : no such file or directory\n\tpackage="_/Users/akoffler/projects/meli/fury_cx-engineering-kb/vs-framework/v1"\n'
[ERROR][2025-08-01 18:00:39] ...lsp/handlers.lua:562	'2025/08/01 18:00:39 unable to compute deps errors: stat : no such file or directory\n\tpackage="_/Users/akoffler/projects/meli/fury_cx-engineering-kb/vs-framework/v1"\n'
[ERROR][2025-08-01 18:00:39] ...lsp/handlers.lua:562	'2025/08/01 18:00:39 unable to compute deps errors: stat : no such file or directory\n\tpackage="_/Users/akoffler/projects/meli/fury_cx-engineering-kb/vs-framework/v1"\n'
[ERROR][2025-08-01 18:00:39] ...lsp/handlers.lua:562	'2025/08/01 18:00:39 unable to compute deps errors: stat : no such file or directory\n\tpackage="_/Users/akoffler/projects/meli/fury_cx-engineering-kb/vs-framework/v1"\n'
[ERROR][2025-08-01 18:00:39] ...lsp/handlers.lua:562	'2025/08/01 18:00:39 unable to compute deps errors: stat : no such file or directory\n\tpackage="_/Users/akoffler/projects/meli/fury_cx-engineering-kb/vs-framework/v1"\n'
[ERROR][2025-08-01 18:00:39] ...lsp/handlers.lua:562	'2025/08/01 18:00:39 unable to compute deps errors: stat : no such file or directory\n\tpackage="_/Users/akoffler/projects/meli/fury_cx-engineering-kb/vs-framework/v1"\n'
[ERROR][2025-08-01 18:00:39] ...lsp/handlers.lua:562	'2025/08/01 18:00:39 unable to compute deps errors: stat : no such file or directory\n\tpackage="_/Users/akoffler/projects/meli/fury_cx-engineering-kb/vs-framework/v1"\n'
[ERROR][2025-08-01 18:00:39] ...lsp/handlers.lua:562	'2025/08/01 18:00:39 unable to compute deps errors: stat : no such file or directory\n\tpackage="_/Users/akoffler/projects/meli/fury_cx-engineering-kb/vs-framework/v1"\n'
[ERROR][2025-08-01 18:00:39] ...lsp/handlers.lua:562	'2025/08/01 18:00:39 unable to compute deps errors: stat : no such file or directory\n\tpackage="_/Users/akoffler/projects/meli/fury_cx-engineering-kb/vs-framework/v1"\n'
[ERROR][2025-08-01 18:00:40] ...lsp/handlers.lua:562	'2025/08/01 18:00:40 unable to compute deps errors: stat : no such file or directory\n\tpackage="_/Users/akoffler/projects/meli/fury_cx-engineering-kb/vs-framework/v1"\n'
[ERROR][2025-08-01 18:00:40] ...lsp/handlers.lua:562	'2025/08/01 18:00:40 unable to compute deps errors: stat : no such file or directory\n\tpackage="_/Users/akoffler/projects/meli/fury_cx-engineering-kb/vs-framework/v1"\n'
[ERROR][2025-08-01 18:00:40] ...lsp/handlers.lua:562	'2025/08/01 18:00:40 unable to compute deps errors: stat : no such file or directory\n\tpackage="_/Users/akoffler/projects/meli/fury_cx-engineering-kb/vs-framework/v1"\n'
[ERROR][2025-08-01 18:00:40] ...lsp/handlers.lua:562	'2025/08/01 18:00:40 unable to compute deps errors: stat : no such file or directory\n\tpackage="_/Users/akoffler/projects/meli/fury_cx-engineering-kb/vs-framework/v1"\n'
[ERROR][2025-08-01 18:00:40] ...lsp/handlers.lua:562	'2025/08/01 18:00:40 unable to compute deps errors: stat : no such file or directory\n\tpackage="_/Users/akoffler/projects/meli/fury_cx-engineering-kb/vs-framework/v1"\n'
[ERROR][2025-08-01 18:00:40] ...lsp/handlers.lua:562	'2025/08/01 18:00:40 unable to compute deps errors: stat : no such file or directory\n\tpackage="_/Users/akoffler/projects/meli/fury_cx-engineering-kb/vs-framework/v1"\n'
[ERROR][2025-08-01 18:00:41] ...lsp/handlers.lua:562	'2025/08/01 18:00:41 unable to compute deps errors: stat : no such file or directory\n\tpackage="_/Users/akoffler/projects/meli/fury_cx-engineering-kb/vs-framework/v1"\n'
[ERROR][2025-08-01 18:00:41] ...lsp/handlers.lua:562	'2025/08/01 18:00:41 unable to compute deps errors: stat : no such file or directory\n\tpackage="_/Users/akoffler/projects/meli/fury_cx-engineering-kb/vs-framework/v1"\n'
[ERROR][2025-08-01 18:00:41] ...lsp/handlers.lua:562	'2025/08/01 18:00:41 unable to compute deps errors: stat : no such file or directory\n\tpackage="_/Users/akoffler/projects/meli/fury_cx-engineering-kb/vs-framework/v1"\n'
[ERROR][2025-08-01 18:00:41] ...lsp/handlers.lua:562	'2025/08/01 18:00:41 unable to compute deps errors: stat : no such file or directory\n\tpackage="_/Users/akoffler/projects/meli/fury_cx-engineering-kb/vs-framework/v1"\n'
[ERROR][2025-08-01 18:00:41] ...lsp/handlers.lua:562	'2025/08/01 18:00:41 unable to compute deps errors: stat : no such file or directory\n\tpackage="_/Users/akoffler/projects/meli/fury_cx-engineering-kb/vs-framework/v1"\n'
[ERROR][2025-08-01 18:00:41] ...lsp/handlers.lua:562	'2025/08/01 18:00:41 unable to compute deps errors: stat : no such file or directory\n\tpackage="_/Users/akoffler/projects/meli/fury_cx-engineering-kb/vs-framework/v1"\n'
[ERROR][2025-08-01 18:00:41] ...lsp/handlers.lua:562	'2025/08/01 18:00:41 unable to compute deps errors: stat : no such file or directory\n\tpackage="_/Users/akoffler/projects/meli/fury_cx-engineering-kb/vs-framework/v1"\n'
[ERROR][2025-08-01 18:00:41] ...lsp/handlers.lua:562	'2025/08/01 18:00:41 unable to compute deps errors: stat : no such file or directory\n\tpackage="_/Users/akoffler/projects/meli/fury_cx-engineering-kb/vs-framework/v1"\n'
[ERROR][2025-08-01 18:00:41] ...lsp/handlers.lua:562	'2025/08/01 18:00:41 unable to compute deps errors: stat : no such file or directory\n\tpackage="_/Users/akoffler/projects/meli/fury_cx-engineering-kb/vs-framework/v1"\n'
[ERROR][2025-08-01 18:00:41] ...lsp/handlers.lua:562	'2025/08/01 18:00:41 unable to compute deps errors: stat : no such file or directory\n\tpackage="_/Users/akoffler/projects/meli/fury_cx-engineering-kb/vs-framework/v1"\n'
[ERROR][2025-08-01 18:00:41] ...lsp/handlers.lua:562	'2025/08/01 18:00:41 unable to compute deps errors: stat : no such file or directory\n\tpackage="_/Users/akoffler/projects/meli/fury_cx-engineering-kb/vs-framework/v1"\n'
[ERROR][2025-08-01 18:00:42] ...lsp/handlers.lua:562	'2025/08/01 18:00:42 unable to compute deps errors: stat : no such file or directory\n\tpackage="_/Users/akoffler/projects/meli/fury_cx-engineering-kb/vs-framework/v1"\n'
[ERROR][2025-08-01 18:00:42] ...lsp/handlers.lua:562	'2025/08/01 18:00:42 unable to compute deps errors: stat : no such file or directory\n\tpackage="_/Users/akoffler/projects/meli/fury_cx-engineering-kb/vs-framework/v1"\n'
[ERROR][2025-08-01 18:00:42] ...lsp/handlers.lua:562	'2025/08/01 18:00:42 unable to compute deps errors: stat : no such file or directory\n\tpackage="_/Users/akoffler/projects/meli/fury_cx-engineering-kb/vs-framework/v1"\n'
[ERROR][2025-08-01 18:00:42] ...lsp/handlers.lua:562	'2025/08/01 18:00:42 unable to compute deps errors: stat : no such file or directory\n\tpackage="_/Users/akoffler/projects/meli/fury_cx-engineering-kb/vs-framework/v1"\n'
[ERROR][2025-08-01 18:00:42] ...lsp/handlers.lua:562	'2025/08/01 18:00:42 unable to compute deps errors: stat : no such file or directory\n\tpackage="_/Users/akoffler/projects/meli/fury_cx-engineering-kb/vs-framework/v1"\n'
[ERROR][2025-08-01 18:00:42] ...lsp/handlers.lua:562	'2025/08/01 18:00:42 unable to compute deps errors: stat : no such file or directory\n\tpackage="_/Users/akoffler/projects/meli/fury_cx-engineering-kb/vs-framework/v1"\n'
[ERROR][2025-08-01 18:00:42] ...lsp/handlers.lua:562	'2025/08/01 18:00:42 unable to compute deps errors: stat : no such file or directory\n\tpackage="_/Users/akoffler/projects/meli/fury_cx-engineering-kb/vs-framework/v1"\n'
[ERROR][2025-08-01 18:00:42] ...lsp/handlers.lua:562	'2025/08/01 18:00:42 unable to compute deps errors: stat : no such file or directory\n\tpackage="_/Users/akoffler/projects/meli/fury_cx-engineering-kb/vs-framework/v1"\n'
[ERROR][2025-08-01 18:00:42] ...lsp/handlers.lua:562	'2025/08/01 18:00:42 unable to compute deps errors: stat : no such file or directory\n\tpackage="_/Users/akoffler/projects/meli/fury_cx-engineering-kb/vs-framework/v1"\n'
[ERROR][2025-08-01 18:00:43] ...lsp/handlers.lua:562	'2025/08/01 18:00:43 unable to compute deps errors: stat : no such file or directory\n\tpackage="_/Users/akoffler/projects/meli/fury_cx-engineering-kb/vs-framework/v1"\n'
[ERROR][2025-08-01 18:00:43] ...lsp/handlers.lua:562	'2025/08/01 18:00:43 unable to compute deps errors: stat : no such file or directory\n\tpackage="_/Users/akoffler/projects/meli/fury_cx-engineering-kb/vs-framework/v1"\n'
[ERROR][2025-08-01 18:00:43] ...lsp/handlers.lua:562	'2025/08/01 18:00:43 unable to compute deps errors: stat : no such file or directory\n\tpackage="_/Users/akoffler/projects/meli/fury_cx-engineering-kb/vs-framework/v1"\n'
[ERROR][2025-08-01 18:00:43] ...lsp/handlers.lua:562	'2025/08/01 18:00:43 unable to compute deps errors: stat : no such file or directory\n\tpackage="_/Users/akoffler/projects/meli/fury_cx-engineering-kb/vs-framework/v1"\n'
[ERROR][2025-08-01 18:00:43] ...lsp/handlers.lua:562	'2025/08/01 18:00:43 unable to compute deps errors: stat : no such file or directory\n\tpackage="_/Users/akoffler/projects/meli/fury_cx-engineering-kb/vs-framework/v1"\n'
[ERROR][2025-08-01 18:00:43] ...lsp/handlers.lua:562	'2025/08/01 18:00:43 unable to compute deps errors: stat : no such file or directory\n\tpackage="_/Users/akoffler/projects/meli/fury_cx-engineering-kb/vs-framework/v1"\n'
[ERROR][2025-08-01 18:00:43] ...lsp/handlers.lua:562	'2025/08/01 18:00:43 unable to compute deps errors: stat : no such file or directory\n\tpackage="_/Users/akoffler/projects/meli/fury_cx-engineering-kb/vs-framework/v1"\n'
[ERROR][2025-08-01 18:00:43] ...lsp/handlers.lua:562	'2025/08/01 18:00:43 unable to compute deps errors: stat : no such file or directory\n\tpackage="_/Users/akoffler/projects/meli/fury_cx-engineering-kb/vs-framework/v1"\n'
[ERROR][2025-08-01 18:00:43] ...lsp/handlers.lua:562	'2025/08/01 18:00:43 unable to compute deps errors: stat : no such file or directory\n\tpackage="_/Users/akoffler/projects/meli/fury_cx-engineering-kb/vs-framework/v1"\n'
[ERROR][2025-08-01 18:00:43] ...lsp/handlers.lua:562	'2025/08/01 18:00:43 unable to compute deps errors: stat : no such file or directory\n\tpackage="_/Users/akoffler/projects/meli/fury_cx-engineering-kb/vs-framework/v1"\n'
[ERROR][2025-08-01 18:00:43] ...lsp/handlers.lua:562	'2025/08/01 18:00:43 unable to compute deps errors: stat : no such file or directory\n\tpackage="_/Users/akoffler/projects/meli/fury_cx-engineering-kb/vs-framework/v1"\n'
[ERROR][2025-08-01 18:00:43] ...lsp/handlers.lua:562	'2025/08/01 18:00:43 unable to compute deps errors: stat : no such file or directory\n\tpackage="_/Users/akoffler/projects/meli/fury_cx-engineering-kb/vs-framework/v1"\n'
[ERROR][2025-08-01 18:00:43] ...lsp/handlers.lua:562	'2025/08/01 18:00:43 unable to compute deps errors: stat : no such file or directory\n\tpackage="_/Users/akoffler/projects/meli/fury_cx-engineering-kb/vs-framework/v1"\n'
[ERROR][2025-08-01 18:00:43] ...lsp/handlers.lua:562	'2025/08/01 18:00:43 unable to compute deps errors: stat : no such file or directory\n\tpackage="_/Users/akoffler/projects/meli/fury_cx-engineering-kb/vs-framework/v1"\n'
[ERROR][2025-08-01 18:00:44] ...lsp/handlers.lua:562	'2025/08/01 18:00:44 unable to compute deps errors: stat : no such file or directory\n\tpackage="_/Users/akoffler/projects/meli/fury_cx-engineering-kb/vs-framework/v1"\n'
[ERROR][2025-08-01 18:00:45] ...lsp/handlers.lua:562	'2025/08/01 18:00:45 unable to compute deps errors: stat : no such file or directory\n\tpackage="_/Users/akoffler/projects/meli/fury_cx-engineering-kb/vs-framework/v1"\n'
[ERROR][2025-08-01 18:00:45] ...lsp/handlers.lua:562	'2025/08/01 18:00:45 unable to compute deps errors: stat : no such file or directory\n\tpackage="_/Users/akoffler/projects/meli/fury_cx-engineering-kb/vs-framework/v1"\n'
[ERROR][2025-08-01 18:00:45] ...lsp/handlers.lua:562	'2025/08/01 18:00:45 unable to compute deps errors: stat : no such file or directory\n\tpackage="_/Users/akoffler/projects/meli/fury_cx-engineering-kb/vs-framework/v1"\n'
[ERROR][2025-08-01 18:00:46] ...lsp/handlers.lua:562	'2025/08/01 18:00:46 unable to compute deps errors: stat : no such file or directory\n\tpackage="_/Users/akoffler/projects/meli/fury_cx-engineering-kb/vs-framework/v1"\n'
[ERROR][2025-08-01 18:00:47] ...lsp/handlers.lua:562	'2025/08/01 18:00:47 unable to compute deps errors: stat : no such file or directory\n\tpackage="_/Users/akoffler/projects/meli/fury_cx-engineering-kb/vs-framework/v1"\n'
[ERROR][2025-08-01 18:00:48] ...lsp/handlers.lua:562	'2025/08/01 18:00:48 unable to compute deps errors: stat : no such file or directory\n\tpackage="_/Users/akoffler/projects/meli/fury_cx-engineering-kb/vs-framework/v1"\n'
[ERROR][2025-08-01 18:00:50] ...lsp/handlers.lua:562	'2025/08/01 18:00:50 unable to compute deps errors: stat : no such file or directory\n\tpackage="_/Users/akoffler/projects/meli/fury_cx-engineering-kb/vs-framework/v1"\n'
[ERROR][2025-08-01 18:00:50] ...lsp/handlers.lua:562	'2025/08/01 18:00:50 unable to compute deps errors: stat : no such file or directory\n\tpackage="_/Users/akoffler/projects/meli/fury_cx-engineering-kb/vs-framework/v1"\n'
[ERROR][2025-08-01 18:00:50] ...lsp/handlers.lua:562	'2025/08/01 18:00:50 unable to compute deps errors: stat : no such file or directory\n\tpackage="_/Users/akoffler/projects/meli/fury_cx-engineering-kb/vs-framework/v1"\n'
[ERROR][2025-08-01 18:00:51] ...lsp/handlers.lua:562	'2025/08/01 18:00:51 unable to compute deps errors: stat : no such file or directory\n\tpackage="_/Users/akoffler/projects/meli/fury_cx-engineering-kb/vs-framework/v1"\n'
[ERROR][2025-08-01 18:02:19] ...lsp/handlers.lua:562	'2025/08/01 18:02:19 unable to compute deps errors: stat : no such file or directory\n\tpackage="_/Users/akoffler/projects/meli/fury_cx-engineering-kb/vs-framework/v1"\n'
[ERROR][2025-08-01 18:02:19] ...lsp/handlers.lua:562	'2025/08/01 18:02:19 unable to compute deps errors: stat : no such file or directory\n\tpackage="_/Users/akoffler/projects/meli/fury_cx-engineering-kb/vs-framework/v1"\n'
[ERROR][2025-08-01 18:02:21] ...lsp/handlers.lua:562	'2025/08/01 18:02:21 unable to compute deps errors: stat : no such file or directory\n\tpackage="_/Users/akoffler/projects/meli/fury_cx-engineering-kb/vs-framework/v1"\n'
[ERROR][2025-08-01 18:02:21] ...lsp/handlers.lua:562	'2025/08/01 18:02:21 unable to compute deps errors: stat : no such file or directory\n\tpackage="_/Users/akoffler/projects/meli/fury_cx-engineering-kb/vs-framework/v1"\n'
[ERROR][2025-08-01 18:02:30] ...lsp/handlers.lua:562	'2025/08/01 18:02:30 unable to compute deps errors: stat : no such file or directory\n\tpackage="_/Users/akoffler/projects/meli/fury_cx-engineering-kb/vs-framework/v1"\n'
[ERROR][2025-08-01 18:02:31] ...lsp/handlers.lua:562	'2025/08/01 18:02:31 unable to compute deps errors: stat : no such file or directory\n\tpackage="_/Users/akoffler/projects/meli/fury_cx-engineering-kb/vs-framework/v1"\n'
[ERROR][2025-08-01 18:02:31] ...lsp/handlers.lua:562	'2025/08/01 18:02:31 unable to compute deps errors: stat : no such file or directory\n\tpackage="_/Users/akoffler/projects/meli/fury_cx-engineering-kb/vs-framework/v1"\n'
[ERROR][2025-08-01 18:02:31] ...lsp/handlers.lua:562	'2025/08/01 18:02:31 unable to compute deps errors: stat : no such file or directory\n\tpackage="_/Users/akoffler/projects/meli/fury_cx-engineering-kb/vs-framework/v1"\n'
[ERROR][2025-08-01 18:02:31] ...lsp/handlers.lua:562	'2025/08/01 18:02:31 unable to compute deps errors: stat : no such file or directory\n\tpackage="_/Users/akoffler/projects/meli/fury_cx-engineering-kb/vs-framework/v1"\n'
[ERROR][2025-08-01 18:02:31] ...lsp/handlers.lua:562	'2025/08/01 18:02:31 unable to compute deps errors: stat : no such file or directory\n\tpackage="_/Users/akoffler/projects/meli/fury_cx-engineering-kb/vs-framework/v1"\n'
[ERROR][2025-08-01 18:02:31] ...lsp/handlers.lua:562	'2025/08/01 18:02:31 unable to compute deps errors: stat : no such file or directory\n\tpackage="_/Users/akoffler/projects/meli/fury_cx-engineering-kb/vs-framework/v1"\n'
[ERROR][2025-08-01 18:02:31] ...lsp/handlers.lua:562	'2025/08/01 18:02:31 unable to compute deps errors: stat : no such file or directory\n\tpackage="_/Users/akoffler/projects/meli/fury_cx-engineering-kb/vs-framework/v1"\n'
[ERROR][2025-08-01 18:02:31] ...lsp/handlers.lua:562	'2025/08/01 18:02:31 unable to compute deps errors: stat : no such file or directory\n\tpackage="_/Users/akoffler/projects/meli/fury_cx-engineering-kb/vs-framework/v1"\n'
[ERROR][2025-08-01 18:02:33] ...lsp/handlers.lua:562	'2025/08/01 18:02:33 unable to compute deps errors: stat : no such file or directory\n\tpackage="_/Users/akoffler/projects/meli/fury_cx-engineering-kb/vs-framework/v1"\n'
[ERROR][2025-08-01 18:02:34] ...lsp/handlers.lua:562	'2025/08/01 18:02:34 unable to compute deps errors: stat : no such file or directory\n\tpackage="_/Users/akoffler/projects/meli/fury_cx-engineering-kb/vs-framework/v1"\n'
[ERROR][2025-08-01 18:02:35] ...lsp/handlers.lua:562	'2025/08/01 18:02:35 unable to compute deps errors: stat : no such file or directory\n\tpackage="_/Users/akoffler/projects/meli/fury_cx-engineering-kb/vs-framework/v1"\n'
[ERROR][2025-08-01 18:02:35] ...lsp/handlers.lua:562	'2025/08/01 18:02:35 unable to compute deps errors: stat : no such file or directory\n\tpackage="_/Users/akoffler/projects/meli/fury_cx-engineering-kb/vs-framework/v1"\n'
[ERROR][2025-08-01 18:02:36] ...lsp/handlers.lua:562	'2025/08/01 18:02:36 unable to compute deps errors: stat : no such file or directory\n\tpackage="_/Users/akoffler/projects/meli/fury_cx-engineering-kb/vs-framework/v1"\n'
[ERROR][2025-08-01 18:02:36] ...lsp/handlers.lua:562	'2025/08/01 18:02:36 unable to compute deps errors: stat : no such file or directory\n\tpackage="_/Users/akoffler/projects/meli/fury_cx-engineering-kb/vs-framework/v1"\n'
[ERROR][2025-08-01 18:02:37] ...lsp/handlers.lua:562	'2025/08/01 18:02:37 unable to compute deps errors: stat : no such file or directory\n\tpackage="_/Users/akoffler/projects/meli/fury_cx-engineering-kb/vs-framework/v1"\n'
[ERROR][2025-08-01 18:02:37] ...lsp/handlers.lua:562	'2025/08/01 18:02:37 unable to compute deps errors: stat : no such file or directory\n\tpackage="_/Users/akoffler/projects/meli/fury_cx-engineering-kb/vs-framework/v1"\n'
[ERROR][2025-08-01 18:02:47] ...lsp/handlers.lua:562	'2025/08/01 18:02:47 unable to compute deps errors: stat : no such file or directory\n\tpackage="_/Users/akoffler/projects/meli/fury_cx-engineering-kb/vs-framework/v1"\n'
[ERROR][2025-08-01 18:02:50] ...lsp/handlers.lua:562	'2025/08/01 18:02:50 unable to compute deps errors: stat : no such file or directory\n\tpackage="_/Users/akoffler/projects/meli/fury_cx-engineering-kb/vs-framework/v1"\n'
[ERROR][2025-08-01 18:02:50] ...lsp/handlers.lua:562	'2025/08/01 18:02:50 unable to compute deps errors: stat : no such file or directory\n\tpackage="_/Users/akoffler/projects/meli/fury_cx-engineering-kb/vs-framework/v1"\n'
[ERROR][2025-08-01 18:02:50] ...lsp/handlers.lua:562	'2025/08/01 18:02:50 unable to compute deps errors: stat : no such file or directory\n\tpackage="_/Users/akoffler/projects/meli/fury_cx-engineering-kb/vs-framework/v1"\n'
[ERROR][2025-08-01 18:02:50] ...lsp/handlers.lua:562	'2025/08/01 18:02:50 unable to compute deps errors: stat : no such file or directory\n\tpackage="_/Users/akoffler/projects/meli/fury_cx-engineering-kb/vs-framework/v1"\n'
[ERROR][2025-08-01 18:02:50] ...lsp/handlers.lua:562	'2025/08/01 18:02:50 unable to compute deps errors: stat : no such file or directory\n\tpackage="_/Users/akoffler/projects/meli/fury_cx-engineering-kb/vs-framework/v1"\n'
[ERROR][2025-08-01 18:02:51] ...lsp/handlers.lua:562	'2025/08/01 18:02:51 unable to compute deps errors: stat : no such file or directory\n\tpackage="_/Users/akoffler/projects/meli/fury_cx-engineering-kb/vs-framework/v1"\n'
[ERROR][2025-08-01 18:02:51] ...lsp/handlers.lua:562	'2025/08/01 18:02:51 unable to compute deps errors: stat : no such file or directory\n\tpackage="_/Users/akoffler/projects/meli/fury_cx-engineering-kb/vs-framework/v1"\n'
[ERROR][2025-08-01 18:02:51] ...lsp/handlers.lua:562	'2025/08/01 18:02:51 unable to compute deps errors: stat : no such file or directory\n\tpackage="_/Users/akoffler/projects/meli/fury_cx-engineering-kb/vs-framework/v1"\n'
[ERROR][2025-08-01 18:02:51] ...lsp/handlers.lua:562	'2025/08/01 18:02:51 unable to compute deps errors: stat : no such file or directory\n\tpackage="_/Users/akoffler/projects/meli/fury_cx-engineering-kb/vs-framework/v1"\n'
[ERROR][2025-08-01 18:02:51] ...lsp/handlers.lua:562	'2025/08/01 18:02:51 unable to compute deps errors: stat : no such file or directory\n\tpackage="_/Users/akoffler/projects/meli/fury_cx-engineering-kb/vs-framework/v1"\n'
[ERROR][2025-08-01 18:02:52] ...lsp/handlers.lua:562	'2025/08/01 18:02:52 unable to compute deps errors: stat : no such file or directory\n\tpackage="_/Users/akoffler/projects/meli/fury_cx-engineering-kb/vs-framework/v1"\n'
[ERROR][2025-08-01 18:02:52] ...lsp/handlers.lua:562	'2025/08/01 18:02:52 unable to compute deps errors: stat : no such file or directory\n\tpackage="_/Users/akoffler/projects/meli/fury_cx-engineering-kb/vs-framework/v1"\n'
[ERROR][2025-08-01 18:02:52] ...lsp/handlers.lua:562	'2025/08/01 18:02:52 unable to compute deps errors: stat : no such file or directory\n\tpackage="_/Users/akoffler/projects/meli/fury_cx-engineering-kb/vs-framework/v1"\n'
[ERROR][2025-08-01 18:02:53] ...lsp/handlers.lua:562	'2025/08/01 18:02:53 unable to compute deps errors: stat : no such file or directory\n\tpackage="_/Users/akoffler/projects/meli/fury_cx-engineering-kb/vs-framework/v1"\n'
[ERROR][2025-08-01 18:02:53] ...lsp/handlers.lua:562	'2025/08/01 18:02:53 unable to compute deps errors: stat : no such file or directory\n\tpackage="_/Users/akoffler/projects/meli/fury_cx-engineering-kb/vs-framework/v1"\n'
[ERROR][2025-08-01 18:02:53] ...lsp/handlers.lua:562	'2025/08/01 18:02:53 unable to compute deps errors: stat : no such file or directory\n\tpackage="_/Users/akoffler/projects/meli/fury_cx-engineering-kb/vs-framework/v1"\n'
[ERROR][2025-08-01 18:02:53] ...lsp/handlers.lua:562	'2025/08/01 18:02:53 unable to compute deps errors: stat : no such file or directory\n\tpackage="_/Users/akoffler/projects/meli/fury_cx-engineering-kb/vs-framework/v1"\n'
[ERROR][2025-08-01 18:02:53] ...lsp/handlers.lua:562	'2025/08/01 18:02:53 unable to compute deps errors: stat : no such file or directory\n\tpackage="_/Users/akoffler/projects/meli/fury_cx-engineering-kb/vs-framework/v1"\n'
[ERROR][2025-08-01 18:02:53] ...lsp/handlers.lua:562	'2025/08/01 18:02:53 unable to compute deps errors: stat : no such file or directory\n\tpackage="_/Users/akoffler/projects/meli/fury_cx-engineering-kb/vs-framework/v1"\n'
[ERROR][2025-08-01 18:02:53] ...lsp/handlers.lua:562	'2025/08/01 18:02:53 unable to compute deps errors: stat : no such file or directory\n\tpackage="_/Users/akoffler/projects/meli/fury_cx-engineering-kb/vs-framework/v1"\n'
[ERROR][2025-08-01 18:02:53] ...lsp/handlers.lua:562	'2025/08/01 18:02:53 unable to compute deps errors: stat : no such file or directory\n\tpackage="_/Users/akoffler/projects/meli/fury_cx-engineering-kb/vs-framework/v1"\n'
[ERROR][2025-08-01 18:02:53] ...lsp/handlers.lua:562	'2025/08/01 18:02:53 unable to compute deps errors: stat : no such file or directory\n\tpackage="_/Users/akoffler/projects/meli/fury_cx-engineering-kb/vs-framework/v1"\n'
[ERROR][2025-08-01 18:02:53] ...lsp/handlers.lua:562	'2025/08/01 18:02:53 unable to compute deps errors: stat : no such file or directory\n\tpackage="_/Users/akoffler/projects/meli/fury_cx-engineering-kb/vs-framework/v1"\n'
[ERROR][2025-08-01 18:02:53] ...lsp/handlers.lua:562	'2025/08/01 18:02:53 unable to compute deps errors: stat : no such file or directory\n\tpackage="_/Users/akoffler/projects/meli/fury_cx-engineering-kb/vs-framework/v1"\n'
[ERROR][2025-08-01 18:02:53] ...lsp/handlers.lua:562	'2025/08/01 18:02:53 unable to compute deps errors: stat : no such file or directory\n\tpackage="_/Users/akoffler/projects/meli/fury_cx-engineering-kb/vs-framework/v1"\n'
[ERROR][2025-08-01 18:02:53] ...lsp/handlers.lua:562	'2025/08/01 18:02:53 unable to compute deps errors: stat : no such file or directory\n\tpackage="_/Users/akoffler/projects/meli/fury_cx-engineering-kb/vs-framework/v1"\n'
[ERROR][2025-08-01 18:02:53] ...lsp/handlers.lua:562	'2025/08/01 18:02:53 unable to compute deps errors: stat : no such file or directory\n\tpackage="_/Users/akoffler/projects/meli/fury_cx-engineering-kb/vs-framework/v1"\n'
[ERROR][2025-08-01 18:02:53] ...lsp/handlers.lua:562	'2025/08/01 18:02:53 unable to compute deps errors: stat : no such file or directory\n\tpackage="_/Users/akoffler/projects/meli/fury_cx-engineering-kb/vs-framework/v1"\n'
[ERROR][2025-08-01 18:02:53] ...lsp/handlers.lua:562	'2025/08/01 18:02:53 unable to compute deps errors: stat : no such file or directory\n\tpackage="_/Users/akoffler/projects/meli/fury_cx-engineering-kb/vs-framework/v1"\n'
[ERROR][2025-08-01 18:02:54] ...lsp/handlers.lua:562	'2025/08/01 18:02:54 unable to compute deps errors: stat : no such file or directory\n\tpackage="_/Users/akoffler/projects/meli/fury_cx-engineering-kb/vs-framework/v1"\n'
[ERROR][2025-08-01 18:02:54] ...lsp/handlers.lua:562	'2025/08/01 18:02:54 unable to compute deps errors: stat : no such file or directory\n\tpackage="_/Users/akoffler/projects/meli/fury_cx-engineering-kb/vs-framework/v1"\n'
[ERROR][2025-08-01 18:02:54] ...lsp/handlers.lua:562	'2025/08/01 18:02:54 unable to compute deps errors: stat : no such file or directory\n\tpackage="_/Users/akoffler/projects/meli/fury_cx-engineering-kb/vs-framework/v1"\n'
[ERROR][2025-08-01 18:02:54] ...lsp/handlers.lua:562	'2025/08/01 18:02:54 unable to compute deps errors: stat : no such file or directory\n\tpackage="_/Users/akoffler/projects/meli/fury_cx-engineering-kb/vs-framework/v1"\n'
[ERROR][2025-08-01 18:02:54] ...lsp/handlers.lua:562	'2025/08/01 18:02:54 unable to compute deps errors: stat : no such file or directory\n\tpackage="_/Users/akoffler/projects/meli/fury_cx-engineering-kb/vs-framework/v1"\n'
[ERROR][2025-08-01 18:02:54] ...lsp/handlers.lua:562	'2025/08/01 18:02:54 unable to compute deps errors: stat : no such file or directory\n\tpackage="_/Users/akoffler/projects/meli/fury_cx-engineering-kb/vs-framework/v1"\n'
[ERROR][2025-08-01 18:02:54] ...lsp/handlers.lua:562	'2025/08/01 18:02:54 unable to compute deps errors: stat : no such file or directory\n\tpackage="_/Users/akoffler/projects/meli/fury_cx-engineering-kb/vs-framework/v1"\n'
[ERROR][2025-08-01 18:02:54] ...lsp/handlers.lua:562	'2025/08/01 18:02:54 unable to compute deps errors: stat : no such file or directory\n\tpackage="_/Users/akoffler/projects/meli/fury_cx-engineering-kb/vs-framework/v1"\n'
[ERROR][2025-08-01 18:02:54] ...lsp/handlers.lua:562	'2025/08/01 18:02:54 unable to compute deps errors: stat : no such file or directory\n\tpackage="_/Users/akoffler/projects/meli/fury_cx-engineering-kb/vs-framework/v1"\n'
[ERROR][2025-08-01 18:02:57] ...lsp/handlers.lua:562	'2025/08/01 18:02:57 unable to compute deps errors: stat : no such file or directory\n\tpackage="_/Users/akoffler/projects/meli/fury_cx-engineering-kb/vs-framework/v1"\n'
[ERROR][2025-08-01 18:02:57] ...lsp/handlers.lua:562	'2025/08/01 18:02:57 unable to compute deps errors: stat : no such file or directory\n\tpackage="_/Users/akoffler/projects/meli/fury_cx-engineering-kb/vs-framework/v1"\n'
[ERROR][2025-08-01 18:02:57] ...lsp/handlers.lua:562	'2025/08/01 18:02:57 unable to compute deps errors: stat : no such file or directory\n\tpackage="_/Users/akoffler/projects/meli/fury_cx-engineering-kb/vs-framework/v1"\n'
[ERROR][2025-08-01 18:02:57] ...lsp/handlers.lua:562	'2025/08/01 18:02:57 unable to compute deps errors: stat : no such file or directory\n\tpackage="_/Users/akoffler/projects/meli/fury_cx-engineering-kb/vs-framework/v1"\n'
[ERROR][2025-08-01 18:02:57] ...lsp/handlers.lua:562	'2025/08/01 18:02:57 unable to compute deps errors: stat : no such file or directory\n\tpackage="_/Users/akoffler/projects/meli/fury_cx-engineering-kb/vs-framework/v1"\n'
[ERROR][2025-08-01 18:02:57] ...lsp/handlers.lua:562	'2025/08/01 18:02:57 unable to compute deps errors: stat : no such file or directory\n\tpackage="_/Users/akoffler/projects/meli/fury_cx-engineering-kb/vs-framework/v1"\n'
[ERROR][2025-08-01 18:02:57] ...lsp/handlers.lua:562	'2025/08/01 18:02:57 unable to compute deps errors: stat : no such file or directory\n\tpackage="_/Users/akoffler/projects/meli/fury_cx-engineering-kb/vs-framework/v1"\n'
[ERROR][2025-08-01 18:02:57] ...lsp/handlers.lua:562	'2025/08/01 18:02:57 unable to compute deps errors: stat : no such file or directory\n\tpackage="_/Users/akoffler/projects/meli/fury_cx-engineering-kb/vs-framework/v1"\n'
[ERROR][2025-08-01 18:02:57] ...lsp/handlers.lua:562	'2025/08/01 18:02:57 unable to compute deps errors: stat : no such file or directory\n\tpackage="_/Users/akoffler/projects/meli/fury_cx-engineering-kb/vs-framework/v1"\n'
[ERROR][2025-08-01 18:02:59] ...lsp/handlers.lua:562	'2025/08/01 18:02:59 unable to compute deps errors: stat : no such file or directory\n\tpackage="_/Users/akoffler/projects/meli/fury_cx-engineering-kb/vs-framework/v1"\n'
[ERROR][2025-08-01 18:02:59] ...lsp/handlers.lua:562	'2025/08/01 18:02:59 unable to compute deps errors: stat : no such file or directory\n\tpackage="_/Users/akoffler/projects/meli/fury_cx-engineering-kb/vs-framework/v1"\n'
[ERROR][2025-08-01 18:02:59] ...lsp/handlers.lua:562	'2025/08/01 18:02:59 unable to compute deps errors: stat : no such file or directory\n\tpackage="_/Users/akoffler/projects/meli/fury_cx-engineering-kb/vs-framework/v1"\n'
[ERROR][2025-08-01 18:02:59] ...lsp/handlers.lua:562	'2025/08/01 18:02:59 unable to compute deps errors: stat : no such file or directory\n\tpackage="_/Users/akoffler/projects/meli/fury_cx-engineering-kb/vs-framework/v1"\n'
[ERROR][2025-08-01 18:03:00] ...lsp/handlers.lua:562	'2025/08/01 18:03:00 unable to compute deps errors: stat : no such file or directory\n\tpackage="_/Users/akoffler/projects/meli/fury_cx-engineering-kb/vs-framework/v1"\n'
[ERROR][2025-08-01 18:03:00] ...lsp/handlers.lua:562	'2025/08/01 18:03:00 unable to compute deps errors: stat : no such file or directory\n\tpackage="_/Users/akoffler/projects/meli/fury_cx-engineering-kb/vs-framework/v1"\n'
[ERROR][2025-08-01 18:03:00] ...lsp/handlers.lua:562	'2025/08/01 18:03:00 unable to compute deps errors: stat : no such file or directory\n\tpackage="_/Users/akoffler/projects/meli/fury_cx-engineering-kb/vs-framework/v1"\n'
[ERROR][2025-08-01 18:03:00] ...lsp/handlers.lua:562	'2025/08/01 18:03:00 unable to compute deps errors: stat : no such file or directory\n\tpackage="_/Users/akoffler/projects/meli/fury_cx-engineering-kb/vs-framework/v1"\n'
[ERROR][2025-08-01 18:03:00] ...lsp/handlers.lua:562	'2025/08/01 18:03:00 unable to compute deps errors: stat : no such file or directory\n\tpackage="_/Users/akoffler/projects/meli/fury_cx-engineering-kb/vs-framework/v1"\n'
[ERROR][2025-08-01 18:03:00] ...lsp/handlers.lua:562	'2025/08/01 18:03:00 unable to compute deps errors: stat : no such file or directory\n\tpackage="_/Users/akoffler/projects/meli/fury_cx-engineering-kb/vs-framework/v1"\n'
[ERROR][2025-08-01 18:03:00] ...lsp/handlers.lua:562	'2025/08/01 18:03:00 unable to compute deps errors: stat : no such file or directory\n\tpackage="_/Users/akoffler/projects/meli/fury_cx-engineering-kb/vs-framework/v1"\n'
[ERROR][2025-08-01 18:03:00] ...lsp/handlers.lua:562	'2025/08/01 18:03:00 unable to compute deps errors: stat : no such file or directory\n\tpackage="_/Users/akoffler/projects/meli/fury_cx-engineering-kb/vs-framework/v1"\n'
[ERROR][2025-08-01 18:03:00] ...lsp/handlers.lua:562	'2025/08/01 18:03:00 unable to compute deps errors: stat : no such file or directory\n\tpackage="_/Users/akoffler/projects/meli/fury_cx-engineering-kb/vs-framework/v1"\n'
[ERROR][2025-08-01 18:03:00] ...lsp/handlers.lua:562	'2025/08/01 18:03:00 unable to compute deps errors: stat : no such file or directory\n\tpackage="_/Users/akoffler/projects/meli/fury_cx-engineering-kb/vs-framework/v1"\n'
[ERROR][2025-08-01 18:03:00] ...lsp/handlers.lua:562	'2025/08/01 18:03:00 unable to compute deps errors: stat : no such file or directory\n\tpackage="_/Users/akoffler/projects/meli/fury_cx-engineering-kb/vs-framework/v1"\n'
[ERROR][2025-08-01 18:03:00] ...lsp/handlers.lua:562	'2025/08/01 18:03:00 unable to compute deps errors: stat : no such file or directory\n\tpackage="_/Users/akoffler/projects/meli/fury_cx-engineering-kb/vs-framework/v1"\n'
[ERROR][2025-08-01 18:03:00] ...lsp/handlers.lua:562	'2025/08/01 18:03:00 unable to compute deps errors: stat : no such file or directory\n\tpackage="_/Users/akoffler/projects/meli/fury_cx-engineering-kb/vs-framework/v1"\n'
[ERROR][2025-08-01 18:03:00] ...lsp/handlers.lua:562	'2025/08/01 18:03:00 unable to compute deps errors: stat : no such file or directory\n\tpackage="_/Users/akoffler/projects/meli/fury_cx-engineering-kb/vs-framework/v1"\n'
[ERROR][2025-08-01 18:03:00] ...lsp/handlers.lua:562	'2025/08/01 18:03:00 unable to compute deps errors: stat : no such file or directory\n\tpackage="_/Users/akoffler/projects/meli/fury_cx-engineering-kb/vs-framework/v1"\n'
[ERROR][2025-08-01 18:03:00] ...lsp/handlers.lua:562	'2025/08/01 18:03:00 unable to compute deps errors: stat : no such file or directory\n\tpackage="_/Users/akoffler/projects/meli/fury_cx-engineering-kb/vs-framework/v1"\n'
[ERROR][2025-08-01 18:03:00] ...lsp/handlers.lua:562	'2025/08/01 18:03:00 unable to compute deps errors: stat : no such file or directory\n\tpackage="_/Users/akoffler/projects/meli/fury_cx-engineering-kb/vs-framework/v1"\n'
[ERROR][2025-08-01 18:03:01] ...lsp/handlers.lua:562	'2025/08/01 18:03:01 unable to compute deps errors: stat : no such file or directory\n\tpackage="_/Users/akoffler/projects/meli/fury_cx-engineering-kb/vs-framework/v1"\n'
[ERROR][2025-08-01 18:03:01] ...lsp/handlers.lua:562	'2025/08/01 18:03:01 unable to compute deps errors: stat : no such file or directory\n\tpackage="_/Users/akoffler/projects/meli/fury_cx-engineering-kb/vs-framework/v1"\n'
[ERROR][2025-08-01 18:03:01] ...lsp/handlers.lua:562	'2025/08/01 18:03:01 unable to compute deps errors: stat : no such file or directory\n\tpackage="_/Users/akoffler/projects/meli/fury_cx-engineering-kb/vs-framework/v1"\n'
[ERROR][2025-08-01 18:03:01] ...lsp/handlers.lua:562	'2025/08/01 18:03:01 unable to compute deps errors: stat : no such file or directory\n\tpackage="_/Users/akoffler/projects/meli/fury_cx-engineering-kb/vs-framework/v1"\n'
[ERROR][2025-08-01 18:03:01] ...lsp/handlers.lua:562	'2025/08/01 18:03:01 unable to compute deps errors: stat : no such file or directory\n\tpackage="_/Users/akoffler/projects/meli/fury_cx-engineering-kb/vs-framework/v1"\n'
[ERROR][2025-08-01 18:03:01] ...lsp/handlers.lua:562	'2025/08/01 18:03:01 unable to compute deps errors: stat : no such file or directory\n\tpackage="_/Users/akoffler/projects/meli/fury_cx-engineering-kb/vs-framework/v1"\n'
[ERROR][2025-08-01 18:03:01] ...lsp/handlers.lua:562	'2025/08/01 18:03:01 unable to compute deps errors: stat : no such file or directory\n\tpackage="_/Users/akoffler/projects/meli/fury_cx-engineering-kb/vs-framework/v1"\n'
[ERROR][2025-08-01 18:03:01] ...lsp/handlers.lua:562	'2025/08/01 18:03:01 unable to compute deps errors: stat : no such file or directory\n\tpackage="_/Users/akoffler/projects/meli/fury_cx-engineering-kb/vs-framework/v1"\n'
[ERROR][2025-08-01 18:03:01] ...lsp/handlers.lua:562	'2025/08/01 18:03:01 unable to compute deps errors: stat : no such file or directory\n\tpackage="_/Users/akoffler/projects/meli/fury_cx-engineering-kb/vs-framework/v1"\n'
[ERROR][2025-08-01 18:03:01] ...lsp/handlers.lua:562	'2025/08/01 18:03:01 unable to compute deps errors: stat : no such file or directory\n\tpackage="_/Users/akoffler/projects/meli/fury_cx-engineering-kb/vs-framework/v1"\n'
[ERROR][2025-08-01 18:03:08] ...lsp/handlers.lua:562	'2025/08/01 18:03:08 unable to compute deps errors: stat : no such file or directory\n\tpackage="_/Users/akoffler/projects/meli/fury_cx-engineering-kb/vs-framework/v1"\n'
[ERROR][2025-08-01 18:03:09] ...lsp/handlers.lua:562	'2025/08/01 18:03:09 unable to compute deps errors: stat : no such file or directory\n\tpackage="_/Users/akoffler/projects/meli/fury_cx-engineering-kb/vs-framework/v1"\n'
[ERROR][2025-08-01 18:03:09] ...lsp/handlers.lua:562	'2025/08/01 18:03:09 unable to compute deps errors: stat : no such file or directory\n\tpackage="_/Users/akoffler/projects/meli/fury_cx-engineering-kb/vs-framework/v1"\n'
[ERROR][2025-08-01 18:03:09] ...lsp/handlers.lua:562	'2025/08/01 18:03:09 unable to compute deps errors: stat : no such file or directory\n\tpackage="_/Users/akoffler/projects/meli/fury_cx-engineering-kb/vs-framework/v1"\n'
[ERROR][2025-08-01 18:03:09] ...lsp/handlers.lua:562	'2025/08/01 18:03:09 unable to compute deps errors: stat : no such file or directory\n\tpackage="_/Users/akoffler/projects/meli/fury_cx-engineering-kb/vs-framework/v1"\n'
[ERROR][2025-08-01 18:03:09] ...lsp/handlers.lua:562	'2025/08/01 18:03:09 unable to compute deps errors: stat : no such file or directory\n\tpackage="_/Users/akoffler/projects/meli/fury_cx-engineering-kb/vs-framework/v1"\n'
[ERROR][2025-08-01 18:03:09] ...lsp/handlers.lua:562	'2025/08/01 18:03:09 unable to compute deps errors: stat : no such file or directory\n\tpackage="_/Users/akoffler/projects/meli/fury_cx-engineering-kb/vs-framework/v1"\n'
[ERROR][2025-08-01 18:03:09] ...lsp/handlers.lua:562	'2025/08/01 18:03:09 unable to compute deps errors: stat : no such file or directory\n\tpackage="_/Users/akoffler/projects/meli/fury_cx-engineering-kb/vs-framework/v1"\n'
[ERROR][2025-08-01 18:03:09] ...lsp/handlers.lua:562	'2025/08/01 18:03:09 unable to compute deps errors: stat : no such file or directory\n\tpackage="_/Users/akoffler/projects/meli/fury_cx-engineering-kb/vs-framework/v1"\n'
[ERROR][2025-08-01 18:03:09] ...lsp/handlers.lua:562	'2025/08/01 18:03:09 unable to compute deps errors: stat : no such file or directory\n\tpackage="_/Users/akoffler/projects/meli/fury_cx-engineering-kb/vs-framework/v1"\n'
[ERROR][2025-08-01 18:03:10] ...lsp/handlers.lua:562	'2025/08/01 18:03:10 unable to compute deps errors: stat : no such file or directory\n\tpackage="_/Users/akoffler/projects/meli/fury_cx-engineering-kb/vs-framework/v1"\n'
[ERROR][2025-08-01 18:03:10] ...lsp/handlers.lua:562	'2025/08/01 18:03:10 unable to compute deps errors: stat : no such file or directory\n\tpackage="_/Users/akoffler/projects/meli/fury_cx-engineering-kb/vs-framework/v1"\n'
[ERROR][2025-08-01 18:03:11] ...lsp/handlers.lua:562	'2025/08/01 18:03:11 unable to compute deps errors: stat : no such file or directory\n\tpackage="_/Users/akoffler/projects/meli/fury_cx-engineering-kb/vs-framework/v1"\n'
[ERROR][2025-08-01 18:03:13] ...lsp/handlers.lua:562	'2025/08/01 18:03:13 unable to compute deps errors: stat : no such file or directory\n\tpackage="_/Users/akoffler/projects/meli/fury_cx-engineering-kb/vs-framework/v1"\n'
[ERROR][2025-08-01 18:03:13] ...lsp/handlers.lua:562	'2025/08/01 18:03:13 unable to compute deps errors: stat : no such file or directory\n\tpackage="_/Users/akoffler/projects/meli/fury_cx-engineering-kb/vs-framework/v1"\n'
[ERROR][2025-08-01 18:03:13] ...lsp/handlers.lua:562	'2025/08/01 18:03:13 unable to compute deps errors: stat : no such file or directory\n\tpackage="_/Users/akoffler/projects/meli/fury_cx-engineering-kb/vs-framework/v1"\n'
[ERROR][2025-08-01 18:03:13] ...lsp/handlers.lua:562	'2025/08/01 18:03:13 unable to compute deps errors: stat : no such file or directory\n\tpackage="_/Users/akoffler/projects/meli/fury_cx-engineering-kb/vs-framework/v1"\n'
[ERROR][2025-08-01 18:03:13] ...lsp/handlers.lua:562	'2025/08/01 18:03:13 unable to compute deps errors: stat : no such file or directory\n\tpackage="_/Users/akoffler/projects/meli/fury_cx-engineering-kb/vs-framework/v1"\n'
[ERROR][2025-08-01 18:03:14] ...lsp/handlers.lua:562	'2025/08/01 18:03:14 unable to compute deps errors: stat : no such file or directory\n\tpackage="_/Users/akoffler/projects/meli/fury_cx-engineering-kb/vs-framework/v1"\n'
[ERROR][2025-08-01 18:03:15] ...lsp/handlers.lua:562	'2025/08/01 18:03:15 unable to compute deps errors: stat : no such file or directory\n\tpackage="_/Users/akoffler/projects/meli/fury_cx-engineering-kb/vs-framework/v1"\n'
[ERROR][2025-08-01 18:03:15] ...lsp/handlers.lua:562	'2025/08/01 18:03:15 unable to compute deps errors: stat : no such file or directory\n\tpackage="_/Users/akoffler/projects/meli/fury_cx-engineering-kb/vs-framework/v1"\n'
[ERROR][2025-08-01 18:03:17] ...lsp/handlers.lua:562	'2025/08/01 18:03:17 unable to compute deps errors: stat : no such file or directory\n\tpackage="_/Users/akoffler/projects/meli/fury_cx-engineering-kb/vs-framework/v1"\n'
[ERROR][2025-08-01 18:03:17] ...lsp/handlers.lua:562	'2025/08/01 18:03:17 unable to compute deps errors: stat : no such file or directory\n\tpackage="_/Users/akoffler/projects/meli/fury_cx-engineering-kb/vs-framework/v1"\n'
[ERROR][2025-08-01 18:03:17] ...lsp/handlers.lua:562	'2025/08/01 18:03:17 unable to compute deps errors: stat : no such file or directory\n\tpackage="_/Users/akoffler/projects/meli/fury_cx-engineering-kb/vs-framework/v1"\n'
[ERROR][2025-08-01 18:03:17] ...lsp/handlers.lua:562	'2025/08/01 18:03:17 unable to compute deps errors: stat : no such file or directory\n\tpackage="_/Users/akoffler/projects/meli/fury_cx-engineering-kb/vs-framework/v1"\n'
[ERROR][2025-08-01 18:03:18] ...lsp/handlers.lua:562	'2025/08/01 18:03:18 unable to compute deps errors: stat : no such file or directory\n\tpackage="_/Users/akoffler/projects/meli/fury_cx-engineering-kb/vs-framework/v1"\n'
[ERROR][2025-08-01 18:03:18] ...lsp/handlers.lua:562	'2025/08/01 18:03:18 unable to compute deps errors: stat : no such file or directory\n\tpackage="_/Users/akoffler/projects/meli/fury_cx-engineering-kb/vs-framework/v1"\n'
[ERROR][2025-08-01 18:03:18] ...lsp/handlers.lua:562	'2025/08/01 18:03:18 unable to compute deps errors: stat : no such file or directory\n\tpackage="_/Users/akoffler/projects/meli/fury_cx-engineering-kb/vs-framework/v1"\n'
[ERROR][2025-08-01 18:03:18] ...lsp/handlers.lua:562	'2025/08/01 18:03:18 unable to compute deps errors: stat : no such file or directory\n\tpackage="_/Users/akoffler/projects/meli/fury_cx-engineering-kb/vs-framework/v1"\n'
[ERROR][2025-08-01 18:03:18] ...lsp/handlers.lua:562	'2025/08/01 18:03:18 unable to compute deps errors: stat : no such file or directory\n\tpackage="_/Users/akoffler/projects/meli/fury_cx-engineering-kb/vs-framework/v1"\n'
[ERROR][2025-08-01 18:03:18] ...lsp/handlers.lua:562	'2025/08/01 18:03:18 unable to compute deps errors: stat : no such file or directory\n\tpackage="_/Users/akoffler/projects/meli/fury_cx-engineering-kb/vs-framework/v1"\n'
[ERROR][2025-08-01 18:03:18] ...lsp/handlers.lua:562	'2025/08/01 18:03:18 unable to compute deps errors: stat : no such file or directory\n\tpackage="_/Users/akoffler/projects/meli/fury_cx-engineering-kb/vs-framework/v1"\n'
[ERROR][2025-08-01 18:03:18] ...lsp/handlers.lua:562	'2025/08/01 18:03:18 unable to compute deps errors: stat : no such file or directory\n\tpackage="_/Users/akoffler/projects/meli/fury_cx-engineering-kb/vs-framework/v1"\n'
[ERROR][2025-08-01 18:03:18] ...lsp/handlers.lua:562	'2025/08/01 18:03:18 unable to compute deps errors: stat : no such file or directory\n\tpackage="_/Users/akoffler/projects/meli/fury_cx-engineering-kb/vs-framework/v1"\n'
[ERROR][2025-08-01 18:03:19] ...lsp/handlers.lua:562	'2025/08/01 18:03:19 unable to compute deps errors: stat : no such file or directory\n\tpackage="_/Users/akoffler/projects/meli/fury_cx-engineering-kb/vs-framework/v1"\n'
[ERROR][2025-08-01 18:03:23] ...lsp/handlers.lua:562	'2025/08/01 18:03:23 unable to compute deps errors: stat : no such file or directory\n\tpackage="_/Users/akoffler/projects/meli/fury_cx-engineering-kb/vs-framework/v1"\n'
[ERROR][2025-08-01 18:03:23] ...lsp/handlers.lua:562	'2025/08/01 18:03:23 unable to compute deps errors: stat : no such file or directory\n\tpackage="_/Users/akoffler/projects/meli/fury_cx-engineering-kb/vs-framework/v1"\n'
[ERROR][2025-08-01 18:03:23] ...lsp/handlers.lua:562	'2025/08/01 18:03:23 unable to compute deps errors: stat : no such file or directory\n\tpackage="_/Users/akoffler/projects/meli/fury_cx-engineering-kb/vs-framework/v1"\n'
[ERROR][2025-08-01 18:03:23] ...lsp/handlers.lua:562	'2025/08/01 18:03:23 unable to compute deps errors: stat : no such file or directory\n\tpackage="_/Users/akoffler/projects/meli/fury_cx-engineering-kb/vs-framework/v1"\n'
[ERROR][2025-08-01 18:03:23] ...lsp/handlers.lua:562	'2025/08/01 18:03:23 unable to compute deps errors: stat : no such file or directory\n\tpackage="_/Users/akoffler/projects/meli/fury_cx-engineering-kb/vs-framework/v1"\n'
[ERROR][2025-08-01 18:03:23] ...lsp/handlers.lua:562	'2025/08/01 18:03:23 unable to compute deps errors: stat : no such file or directory\n\tpackage="_/Users/akoffler/projects/meli/fury_cx-engineering-kb/vs-framework/v1"\n'
[ERROR][2025-08-01 18:03:23] ...lsp/handlers.lua:562	'2025/08/01 18:03:23 unable to compute deps errors: stat : no such file or directory\n\tpackage="_/Users/akoffler/projects/meli/fury_cx-engineering-kb/vs-framework/v1"\n'
[ERROR][2025-08-01 18:03:23] ...lsp/handlers.lua:562	'2025/08/01 18:03:23 unable to compute deps errors: stat : no such file or directory\n\tpackage="_/Users/akoffler/projects/meli/fury_cx-engineering-kb/vs-framework/v1"\n'
[ERROR][2025-08-01 18:03:24] ...lsp/handlers.lua:562	'2025/08/01 18:03:24 unable to compute deps errors: stat : no such file or directory\n\tpackage="_/Users/akoffler/projects/meli/fury_cx-engineering-kb/vs-framework/v1"\n'
[ERROR][2025-08-01 18:03:31] ...lsp/handlers.lua:562	'2025/08/01 18:03:31 unable to compute deps errors: stat : no such file or directory\n\tpackage="_/Users/akoffler/projects/meli/fury_cx-engineering-kb/vs-framework/v1"\n'
[ERROR][2025-08-01 18:03:31] ...lsp/handlers.lua:562	'2025/08/01 18:03:31 unable to compute deps errors: stat : no such file or directory\n\tpackage="_/Users/akoffler/projects/meli/fury_cx-engineering-kb/vs-framework/v1"\n'
[ERROR][2025-08-01 18:03:31] ...lsp/handlers.lua:562	'2025/08/01 18:03:31 unable to compute deps errors: stat : no such file or directory\n\tpackage="_/Users/akoffler/projects/meli/fury_cx-engineering-kb/vs-framework/v1"\n'
[ERROR][2025-08-01 18:03:31] ...lsp/handlers.lua:562	'2025/08/01 18:03:31 unable to compute deps errors: stat : no such file or directory\n\tpackage="_/Users/akoffler/projects/meli/fury_cx-engineering-kb/vs-framework/v1"\n'
[ERROR][2025-08-01 18:03:31] ...lsp/handlers.lua:562	'2025/08/01 18:03:31 unable to compute deps errors: stat : no such file or directory\n\tpackage="_/Users/akoffler/projects/meli/fury_cx-engineering-kb/vs-framework/v1"\n'
[ERROR][2025-08-01 18:03:31] ...lsp/handlers.lua:562	'2025/08/01 18:03:31 unable to compute deps errors: stat : no such file or directory\n\tpackage="_/Users/akoffler/projects/meli/fury_cx-engineering-kb/vs-framework/v1"\n'
[ERROR][2025-08-01 18:03:31] ...lsp/handlers.lua:562	'2025/08/01 18:03:31 unable to compute deps errors: stat : no such file or directory\n\tpackage="_/Users/akoffler/projects/meli/fury_cx-engineering-kb/vs-framework/v1"\n'
[ERROR][2025-08-01 18:03:31] ...lsp/handlers.lua:562	'2025/08/01 18:03:31 unable to compute deps errors: stat : no such file or directory\n\tpackage="_/Users/akoffler/projects/meli/fury_cx-engineering-kb/vs-framework/v1"\n'
[ERROR][2025-08-01 18:03:31] ...lsp/handlers.lua:562	'2025/08/01 18:03:31 unable to compute deps errors: stat : no such file or directory\n\tpackage="_/Users/akoffler/projects/meli/fury_cx-engineering-kb/vs-framework/v1"\n'
[ERROR][2025-08-01 18:03:31] ...lsp/handlers.lua:562	'2025/08/01 18:03:31 unable to compute deps errors: stat : no such file or directory\n\tpackage="_/Users/akoffler/projects/meli/fury_cx-engineering-kb/vs-framework/v1"\n'
[ERROR][2025-08-01 18:03:31] ...lsp/handlers.lua:562	'2025/08/01 18:03:31 unable to compute deps errors: stat : no such file or directory\n\tpackage="_/Users/akoffler/projects/meli/fury_cx-engineering-kb/vs-framework/v1"\n'
[ERROR][2025-08-01 18:03:32] ...lsp/handlers.lua:562	'2025/08/01 18:03:32 unable to compute deps errors: stat : no such file or directory\n\tpackage="_/Users/akoffler/projects/meli/fury_cx-engineering-kb/vs-framework/v1"\n'
[ERROR][2025-08-01 18:03:32] ...lsp/handlers.lua:562	'2025/08/01 18:03:32 unable to compute deps errors: stat : no such file or directory\n\tpackage="_/Users/akoffler/projects/meli/fury_cx-engineering-kb/vs-framework/v1"\n'
[ERROR][2025-08-01 18:03:32] ...lsp/handlers.lua:562	'2025/08/01 18:03:32 unable to compute deps errors: stat : no such file or directory\n\tpackage="_/Users/akoffler/projects/meli/fury_cx-engineering-kb/vs-framework/v1"\n'
[ERROR][2025-08-01 18:03:32] ...lsp/handlers.lua:562	'2025/08/01 18:03:32 unable to compute deps errors: stat : no such file or directory\n\tpackage="_/Users/akoffler/projects/meli/fury_cx-engineering-kb/vs-framework/v1"\n'
[ERROR][2025-08-01 18:03:32] ...lsp/handlers.lua:562	'2025/08/01 18:03:32 unable to compute deps errors: stat : no such file or directory\n\tpackage="_/Users/akoffler/projects/meli/fury_cx-engineering-kb/vs-framework/v1"\n'
[ERROR][2025-08-01 18:03:32] ...lsp/handlers.lua:562	'2025/08/01 18:03:32 unable to compute deps errors: stat : no such file or directory\n\tpackage="_/Users/akoffler/projects/meli/fury_cx-engineering-kb/vs-framework/v1"\n'
[ERROR][2025-08-01 18:03:32] ...lsp/handlers.lua:562	'2025/08/01 18:03:32 unable to compute deps errors: stat : no such file or directory\n\tpackage="_/Users/akoffler/projects/meli/fury_cx-engineering-kb/vs-framework/v1"\n'
[ERROR][2025-08-01 18:03:32] ...lsp/handlers.lua:562	'2025/08/01 18:03:32 unable to compute deps errors: stat : no such file or directory\n\tpackage="_/Users/akoffler/projects/meli/fury_cx-engineering-kb/vs-framework/v1"\n'
[ERROR][2025-08-01 18:03:32] ...lsp/handlers.lua:562	'2025/08/01 18:03:32 unable to compute deps errors: stat : no such file or directory\n\tpackage="_/Users/akoffler/projects/meli/fury_cx-engineering-kb/vs-framework/v1"\n'
[ERROR][2025-08-01 18:03:32] ...lsp/handlers.lua:562	'2025/08/01 18:03:32 unable to compute deps errors: stat : no such file or directory\n\tpackage="_/Users/akoffler/projects/meli/fury_cx-engineering-kb/vs-framework/v1"\n'
[ERROR][2025-08-01 18:03:32] ...lsp/handlers.lua:562	'2025/08/01 18:03:32 unable to compute deps errors: stat : no such file or directory\n\tpackage="_/Users/akoffler/projects/meli/fury_cx-engineering-kb/vs-framework/v1"\n'
[ERROR][2025-08-01 18:03:32] ...lsp/handlers.lua:562	'2025/08/01 18:03:32 unable to compute deps errors: stat : no such file or directory\n\tpackage="_/Users/akoffler/projects/meli/fury_cx-engineering-kb/vs-framework/v1"\n'
[ERROR][2025-08-01 18:03:32] ...lsp/handlers.lua:562	'2025/08/01 18:03:32 unable to compute deps errors: stat : no such file or directory\n\tpackage="_/Users/akoffler/projects/meli/fury_cx-engineering-kb/vs-framework/v1"\n'
[ERROR][2025-08-01 18:03:32] ...lsp/handlers.lua:562	'2025/08/01 18:03:32 unable to compute deps errors: stat : no such file or directory\n\tpackage="_/Users/akoffler/projects/meli/fury_cx-engineering-kb/vs-framework/v1"\n'
[ERROR][2025-08-01 18:03:32] ...lsp/handlers.lua:562	'2025/08/01 18:03:32 unable to compute deps errors: stat : no such file or directory\n\tpackage="_/Users/akoffler/projects/meli/fury_cx-engineering-kb/vs-framework/v1"\n'
[ERROR][2025-08-01 18:03:32] ...lsp/handlers.lua:562	'2025/08/01 18:03:32 unable to compute deps errors: stat : no such file or directory\n\tpackage="_/Users/akoffler/projects/meli/fury_cx-engineering-kb/vs-framework/v1"\n'
[ERROR][2025-08-01 18:03:33] ...lsp/handlers.lua:562	'2025/08/01 18:03:33 unable to compute deps errors: stat : no such file or directory\n\tpackage="_/Users/akoffler/projects/meli/fury_cx-engineering-kb/vs-framework/v1"\n'
[ERROR][2025-08-01 18:03:33] ...lsp/handlers.lua:562	'2025/08/01 18:03:33 unable to compute deps errors: stat : no such file or directory\n\tpackage="_/Users/akoffler/projects/meli/fury_cx-engineering-kb/vs-framework/v1"\n'
[ERROR][2025-08-01 18:03:33] ...lsp/handlers.lua:562	'2025/08/01 18:03:33 unable to compute deps errors: stat : no such file or directory\n\tpackage="_/Users/akoffler/projects/meli/fury_cx-engineering-kb/vs-framework/v1"\n'
[ERROR][2025-08-01 18:03:33] ...lsp/handlers.lua:562	'2025/08/01 18:03:33 unable to compute deps errors: stat : no such file or directory\n\tpackage="_/Users/akoffler/projects/meli/fury_cx-engineering-kb/vs-framework/v1"\n'
[ERROR][2025-08-01 18:03:33] ...lsp/handlers.lua:562	'2025/08/01 18:03:33 unable to compute deps errors: stat : no such file or directory\n\tpackage="_/Users/akoffler/projects/meli/fury_cx-engineering-kb/vs-framework/v1"\n'
[ERROR][2025-08-01 18:03:33] ...lsp/handlers.lua:562	'2025/08/01 18:03:33 unable to compute deps errors: stat : no such file or directory\n\tpackage="_/Users/akoffler/projects/meli/fury_cx-engineering-kb/vs-framework/v1"\n'
[ERROR][2025-08-01 18:03:33] ...lsp/handlers.lua:562	'2025/08/01 18:03:33 unable to compute deps errors: stat : no such file or directory\n\tpackage="_/Users/akoffler/projects/meli/fury_cx-engineering-kb/vs-framework/v1"\n'
[ERROR][2025-08-01 18:03:33] ...lsp/handlers.lua:562	'2025/08/01 18:03:33 unable to compute deps errors: stat : no such file or directory\n\tpackage="_/Users/akoffler/projects/meli/fury_cx-engineering-kb/vs-framework/v1"\n'
[ERROR][2025-08-01 18:03:33] ...lsp/handlers.lua:562	'2025/08/01 18:03:33 unable to compute deps errors: stat : no such file or directory\n\tpackage="_/Users/akoffler/projects/meli/fury_cx-engineering-kb/vs-framework/v1"\n'
[ERROR][2025-08-01 18:03:33] ...lsp/handlers.lua:562	'2025/08/01 18:03:33 unable to compute deps errors: stat : no such file or directory\n\tpackage="_/Users/akoffler/projects/meli/fury_cx-engineering-kb/vs-framework/v1"\n'
[ERROR][2025-08-01 18:03:33] ...lsp/handlers.lua:562	'2025/08/01 18:03:33 unable to compute deps errors: stat : no such file or directory\n\tpackage="_/Users/akoffler/projects/meli/fury_cx-engineering-kb/vs-framework/v1"\n'
[ERROR][2025-08-01 18:03:33] ...lsp/handlers.lua:562	'2025/08/01 18:03:33 unable to compute deps errors: stat : no such file or directory\n\tpackage="_/Users/akoffler/projects/meli/fury_cx-engineering-kb/vs-framework/v1"\n'
[ERROR][2025-08-01 18:03:33] ...lsp/handlers.lua:562	'2025/08/01 18:03:33 unable to compute deps errors: stat : no such file or directory\n\tpackage="_/Users/akoffler/projects/meli/fury_cx-engineering-kb/vs-framework/v1"\n'
[ERROR][2025-08-01 18:03:33] ...lsp/handlers.lua:562	'2025/08/01 18:03:33 unable to compute deps errors: stat : no such file or directory\n\tpackage="_/Users/akoffler/projects/meli/fury_cx-engineering-kb/vs-framework/v1"\n'
[ERROR][2025-08-01 18:03:33] ...lsp/handlers.lua:562	'2025/08/01 18:03:33 unable to compute deps errors: stat : no such file or directory\n\tpackage="_/Users/akoffler/projects/meli/fury_cx-engineering-kb/vs-framework/v1"\n'
[ERROR][2025-08-01 18:03:34] ...lsp/handlers.lua:562	'2025/08/01 18:03:34 unable to compute deps errors: stat : no such file or directory\n\tpackage="_/Users/akoffler/projects/meli/fury_cx-engineering-kb/vs-framework/v1"\n'
[ERROR][2025-08-01 18:03:35] ...lsp/handlers.lua:562	'2025/08/01 18:03:35 unable to compute deps errors: stat : no such file or directory\n\tpackage="_/Users/akoffler/projects/meli/fury_cx-engineering-kb/vs-framework/v1"\n'
[ERROR][2025-08-01 18:03:35] ...lsp/handlers.lua:562	'2025/08/01 18:03:35 unable to compute deps errors: stat : no such file or directory\n\tpackage="_/Users/akoffler/projects/meli/fury_cx-engineering-kb/vs-framework/v1"\n'
[ERROR][2025-08-01 18:03:35] ...lsp/handlers.lua:562	'2025/08/01 18:03:35 unable to compute deps errors: stat : no such file or directory\n\tpackage="_/Users/akoffler/projects/meli/fury_cx-engineering-kb/vs-framework/v1"\n'
[ERROR][2025-08-01 18:03:35] ...lsp/handlers.lua:562	'2025/08/01 18:03:35 unable to compute deps errors: stat : no such file or directory\n\tpackage="_/Users/akoffler/projects/meli/fury_cx-engineering-kb/vs-framework/v1"\n'
[ERROR][2025-08-01 18:03:35] ...lsp/handlers.lua:562	'2025/08/01 18:03:35 unable to compute deps errors: stat : no such file or directory\n\tpackage="_/Users/akoffler/projects/meli/fury_cx-engineering-kb/vs-framework/v1"\n'
[ERROR][2025-08-01 18:03:35] ...lsp/handlers.lua:562	'2025/08/01 18:03:35 unable to compute deps errors: stat : no such file or directory\n\tpackage="_/Users/akoffler/projects/meli/fury_cx-engineering-kb/vs-framework/v1"\n'
[ERROR][2025-08-01 18:03:35] ...lsp/handlers.lua:562	'2025/08/01 18:03:35 unable to compute deps errors: stat : no such file or directory\n\tpackage="_/Users/akoffler/projects/meli/fury_cx-engineering-kb/vs-framework/v1"\n'
[ERROR][2025-08-01 18:03:36] ...lsp/handlers.lua:562	'2025/08/01 18:03:36 unable to compute deps errors: stat : no such file or directory\n\tpackage="_/Users/akoffler/projects/meli/fury_cx-engineering-kb/vs-framework/v1"\n'
[ERROR][2025-08-01 18:03:36] ...lsp/handlers.lua:562	'2025/08/01 18:03:36 unable to compute deps errors: stat : no such file or directory\n\tpackage="_/Users/akoffler/projects/meli/fury_cx-engineering-kb/vs-framework/v1"\n'
[ERROR][2025-08-01 18:03:36] ...lsp/handlers.lua:562	'2025/08/01 18:03:36 unable to compute deps errors: stat : no such file or directory\n\tpackage="_/Users/akoffler/projects/meli/fury_cx-engineering-kb/vs-framework/v1"\n'
[ERROR][2025-08-01 18:03:36] ...lsp/handlers.lua:562	'2025/08/01 18:03:36 unable to compute deps errors: stat : no such file or directory\n\tpackage="_/Users/akoffler/projects/meli/fury_cx-engineering-kb/vs-framework/v1"\n'
[ERROR][2025-08-01 18:03:36] ...lsp/handlers.lua:562	'2025/08/01 18:03:36 unable to compute deps errors: stat : no such file or directory\n\tpackage="_/Users/akoffler/projects/meli/fury_cx-engineering-kb/vs-framework/v1"\n'
[ERROR][2025-08-01 18:03:36] ...lsp/handlers.lua:562	'2025/08/01 18:03:36 unable to compute deps errors: stat : no such file or directory\n\tpackage="_/Users/akoffler/projects/meli/fury_cx-engineering-kb/vs-framework/v1"\n'
[ERROR][2025-08-01 18:03:36] ...lsp/handlers.lua:562	'2025/08/01 18:03:36 unable to compute deps errors: stat : no such file or directory\n\tpackage="_/Users/akoffler/projects/meli/fury_cx-engineering-kb/vs-framework/v1"\n'
[ERROR][2025-08-01 18:03:36] ...lsp/handlers.lua:562	'2025/08/01 18:03:36 unable to compute deps errors: stat : no such file or directory\n\tpackage="_/Users/akoffler/projects/meli/fury_cx-engineering-kb/vs-framework/v1"\n'
[ERROR][2025-08-01 18:03:36] ...lsp/handlers.lua:562	'2025/08/01 18:03:36 unable to compute deps errors: stat : no such file or directory\n\tpackage="_/Users/akoffler/projects/meli/fury_cx-engineering-kb/vs-framework/v1"\n'
[ERROR][2025-08-01 18:03:36] ...lsp/handlers.lua:562	'2025/08/01 18:03:36 unable to compute deps errors: stat : no such file or directory\n\tpackage="_/Users/akoffler/projects/meli/fury_cx-engineering-kb/vs-framework/v1"\n'
[ERROR][2025-08-01 18:03:37] ...lsp/handlers.lua:562	'2025/08/01 18:03:37 unable to compute deps errors: stat : no such file or directory\n\tpackage="_/Users/akoffler/projects/meli/fury_cx-engineering-kb/vs-framework/v1"\n'
[ERROR][2025-08-01 18:03:37] ...lsp/handlers.lua:562	'2025/08/01 18:03:37 unable to compute deps errors: stat : no such file or directory\n\tpackage="_/Users/akoffler/projects/meli/fury_cx-engineering-kb/vs-framework/v1"\n'
[ERROR][2025-08-01 18:03:37] ...lsp/handlers.lua:562	'2025/08/01 18:03:37 unable to compute deps errors: stat : no such file or directory\n\tpackage="_/Users/akoffler/projects/meli/fury_cx-engineering-kb/vs-framework/v1"\n'
[ERROR][2025-08-01 18:03:37] ...lsp/handlers.lua:562	'2025/08/01 18:03:37 unable to compute deps errors: stat : no such file or directory\n\tpackage="_/Users/akoffler/projects/meli/fury_cx-engineering-kb/vs-framework/v1"\n'
[ERROR][2025-08-01 18:03:37] ...lsp/handlers.lua:562	'2025/08/01 18:03:37 unable to compute deps errors: stat : no such file or directory\n\tpackage="_/Users/akoffler/projects/meli/fury_cx-engineering-kb/vs-framework/v1"\n'
[ERROR][2025-08-01 18:03:37] ...lsp/handlers.lua:562	'2025/08/01 18:03:37 unable to compute deps errors: stat : no such file or directory\n\tpackage="_/Users/akoffler/projects/meli/fury_cx-engineering-kb/vs-framework/v1"\n'
[ERROR][2025-08-01 18:03:37] ...lsp/handlers.lua:562	'2025/08/01 18:03:37 unable to compute deps errors: stat : no such file or directory\n\tpackage="_/Users/akoffler/projects/meli/fury_cx-engineering-kb/vs-framework/v1"\n'
[ERROR][2025-08-01 18:03:37] ...lsp/handlers.lua:562	'2025/08/01 18:03:37 unable to compute deps errors: stat : no such file or directory\n\tpackage="_/Users/akoffler/projects/meli/fury_cx-engineering-kb/vs-framework/v1"\n'
[ERROR][2025-08-01 18:03:37] ...lsp/handlers.lua:562	'2025/08/01 18:03:37 unable to compute deps errors: stat : no such file or directory\n\tpackage="_/Users/akoffler/projects/meli/fury_cx-engineering-kb/vs-framework/v1"\n'
[ERROR][2025-08-01 18:03:38] ...lsp/handlers.lua:562	'2025/08/01 18:03:38 unable to compute deps errors: stat : no such file or directory\n\tpackage="_/Users/akoffler/projects/meli/fury_cx-engineering-kb/vs-framework/v1"\n'
[ERROR][2025-08-01 18:03:38] ...lsp/handlers.lua:562	'2025/08/01 18:03:38 unable to compute deps errors: stat : no such file or directory\n\tpackage="_/Users/akoffler/projects/meli/fury_cx-engineering-kb/vs-framework/v1"\n'
[ERROR][2025-08-01 18:03:38] ...lsp/handlers.lua:562	'2025/08/01 18:03:38 unable to compute deps errors: stat : no such file or directory\n\tpackage="_/Users/akoffler/projects/meli/fury_cx-engineering-kb/vs-framework/v1"\n'
[ERROR][2025-08-01 18:03:38] ...lsp/handlers.lua:562	'2025/08/01 18:03:38 unable to compute deps errors: stat : no such file or directory\n\tpackage="_/Users/akoffler/projects/meli/fury_cx-engineering-kb/vs-framework/v1"\n'
[ERROR][2025-08-01 18:03:38] ...lsp/handlers.lua:562	'2025/08/01 18:03:38 unable to compute deps errors: stat : no such file or directory\n\tpackage="_/Users/akoffler/projects/meli/fury_cx-engineering-kb/vs-framework/v1"\n'
[ERROR][2025-08-01 18:03:38] ...lsp/handlers.lua:562	'2025/08/01 18:03:38 unable to compute deps errors: stat : no such file or directory\n\tpackage="_/Users/akoffler/projects/meli/fury_cx-engineering-kb/vs-framework/v1"\n'
[ERROR][2025-08-01 18:03:44] ...lsp/handlers.lua:562	'2025/08/01 18:03:44 unable to compute deps errors: stat : no such file or directory\n\tpackage="_/Users/akoffler/projects/meli/fury_cx-engineering-kb/vs-framework/v1"\n'
[ERROR][2025-08-01 18:03:44] ...lsp/handlers.lua:562	'2025/08/01 18:03:44 unable to compute deps errors: stat : no such file or directory\n\tpackage="_/Users/akoffler/projects/meli/fury_cx-engineering-kb/vs-framework/v1"\n'
[ERROR][2025-08-01 18:03:44] ...lsp/handlers.lua:562	'2025/08/01 18:03:44 unable to compute deps errors: stat : no such file or directory\n\tpackage="_/Users/akoffler/projects/meli/fury_cx-engineering-kb/vs-framework/v1"\n'
[ERROR][2025-08-01 18:03:44] ...lsp/handlers.lua:562	'2025/08/01 18:03:44 unable to compute deps errors: stat : no such file or directory\n\tpackage="_/Users/akoffler/projects/meli/fury_cx-engineering-kb/vs-framework/v1"\n'
[ERROR][2025-08-01 18:03:44] ...lsp/handlers.lua:562	'2025/08/01 18:03:44 unable to compute deps errors: stat : no such file or directory\n\tpackage="_/Users/akoffler/projects/meli/fury_cx-engineering-kb/vs-framework/v1"\n'
[ERROR][2025-08-01 18:03:44] ...lsp/handlers.lua:562	'2025/08/01 18:03:44 unable to compute deps errors: stat : no such file or directory\n\tpackage="_/Users/akoffler/projects/meli/fury_cx-engineering-kb/vs-framework/v1"\n'
[ERROR][2025-08-01 18:03:44] ...lsp/handlers.lua:562	'2025/08/01 18:03:44 unable to compute deps errors: stat : no such file or directory\n\tpackage="_/Users/akoffler/projects/meli/fury_cx-engineering-kb/vs-framework/v1"\n'
[ERROR][2025-08-01 18:03:44] ...lsp/handlers.lua:562	'2025/08/01 18:03:44 unable to compute deps errors: stat : no such file or directory\n\tpackage="_/Users/akoffler/projects/meli/fury_cx-engineering-kb/vs-framework/v1"\n'
[ERROR][2025-08-01 18:03:44] ...lsp/handlers.lua:562	'2025/08/01 18:03:44 unable to compute deps errors: stat : no such file or directory\n\tpackage="_/Users/akoffler/projects/meli/fury_cx-engineering-kb/vs-framework/v1"\n'
[ERROR][2025-08-01 18:03:45] ...lsp/handlers.lua:562	'2025/08/01 18:03:45 unable to compute deps errors: stat : no such file or directory\n\tpackage="_/Users/akoffler/projects/meli/fury_cx-engineering-kb/vs-framework/v1"\n'
[ERROR][2025-08-01 18:03:45] ...lsp/handlers.lua:562	'2025/08/01 18:03:45 unable to compute deps errors: stat : no such file or directory\n\tpackage="_/Users/akoffler/projects/meli/fury_cx-engineering-kb/vs-framework/v1"\n'
[ERROR][2025-08-01 18:03:45] ...lsp/handlers.lua:562	'2025/08/01 18:03:45 unable to compute deps errors: stat : no such file or directory\n\tpackage="_/Users/akoffler/projects/meli/fury_cx-engineering-kb/vs-framework/v1"\n'
[ERROR][2025-08-01 18:03:45] ...lsp/handlers.lua:562	'2025/08/01 18:03:45 unable to compute deps errors: stat : no such file or directory\n\tpackage="_/Users/akoffler/projects/meli/fury_cx-engineering-kb/vs-framework/v1"\n'
[ERROR][2025-08-01 18:03:45] ...lsp/handlers.lua:562	'2025/08/01 18:03:45 unable to compute deps errors: stat : no such file or directory\n\tpackage="_/Users/akoffler/projects/meli/fury_cx-engineering-kb/vs-framework/v1"\n'
[ERROR][2025-08-01 18:03:45] ...lsp/handlers.lua:562	'2025/08/01 18:03:45 unable to compute deps errors: stat : no such file or directory\n\tpackage="_/Users/akoffler/projects/meli/fury_cx-engineering-kb/vs-framework/v1"\n'
[ERROR][2025-08-01 18:03:45] ...lsp/handlers.lua:562	'2025/08/01 18:03:45 unable to compute deps errors: stat : no such file or directory\n\tpackage="_/Users/akoffler/projects/meli/fury_cx-engineering-kb/vs-framework/v1"\n'
[ERROR][2025-08-01 18:03:45] ...lsp/handlers.lua:562	'2025/08/01 18:03:45 unable to compute deps errors: stat : no such file or directory\n\tpackage="_/Users/akoffler/projects/meli/fury_cx-engineering-kb/vs-framework/v1"\n'
[ERROR][2025-08-01 18:03:45] ...lsp/handlers.lua:562	'2025/08/01 18:03:45 unable to compute deps errors: stat : no such file or directory\n\tpackage="_/Users/akoffler/projects/meli/fury_cx-engineering-kb/vs-framework/v1"\n'
[ERROR][2025-08-01 18:03:45] ...lsp/handlers.lua:562	'2025/08/01 18:03:45 unable to compute deps errors: stat : no such file or directory\n\tpackage="_/Users/akoffler/projects/meli/fury_cx-engineering-kb/vs-framework/v1"\n'
[ERROR][2025-08-01 18:03:46] ...lsp/handlers.lua:562	'2025/08/01 18:03:46 unable to compute deps errors: stat : no such file or directory\n\tpackage="_/Users/akoffler/projects/meli/fury_cx-engineering-kb/vs-framework/v1"\n'
[ERROR][2025-08-01 18:03:46] ...lsp/handlers.lua:562	'2025/08/01 18:03:46 unable to compute deps errors: stat : no such file or directory\n\tpackage="_/Users/akoffler/projects/meli/fury_cx-engineering-kb/vs-framework/v1"\n'
[ERROR][2025-08-01 18:03:53] ...lsp/handlers.lua:562	'2025/08/01 18:03:53 unable to compute deps errors: stat : no such file or directory\n\tpackage="_/Users/akoffler/projects/meli/fury_cx-engineering-kb/vs-framework/v1"\n'
[ERROR][2025-08-01 18:03:53] ...lsp/handlers.lua:562	'2025/08/01 18:03:53 unable to compute deps errors: stat : no such file or directory\n\tpackage="_/Users/akoffler/projects/meli/fury_cx-engineering-kb/vs-framework/v1"\n'
[START][2025-08-02 18:49:11] LSP logging initiated
[ERROR][2025-08-02 18:49:11] ...lsp/handlers.lua:562	"2025/08/02 18:49:11 signature help failed: cannot get type for Fun *ast.SelectorExpr (&{config Load})\n\tposition=15:25\n"
[ERROR][2025-08-02 18:49:32] ...lsp/handlers.lua:562	"2025/08/02 18:49:32 signature help failed: cannot get type for Fun *ast.SelectorExpr (&{fmt Println})\n\tposition=17:14\n"
[ERROR][2025-08-02 18:49:52] ...lsp/handlers.lua:562	"2025/08/02 18:49:52 signature help failed: cannot get type for Fun *ast.SelectorExpr (&{fmt Println})\n\tposition=17:38\n"
[ERROR][2025-08-02 18:49:54] ...lsp/handlers.lua:562	"2025/08/02 18:49:54 signature help failed: cannot get type for Fun *ast.SelectorExpr (&{fmt Println})\n\tposition=17:42\n"
[ERROR][2025-08-02 18:49:55] ...lsp/handlers.lua:562	"2025/08/02 18:49:55 signature help failed: cannot get type for Fun *ast.SelectorExpr (&{fmt Println})\n\tposition=17:46\n"
[ERROR][2025-08-02 18:49:55] ...lsp/handlers.lua:562	"2025/08/02 18:49:55 signature help failed: cannot get type for Fun *ast.SelectorExpr (&{fmt Println})\n\tposition=17:47\n"
[ERROR][2025-08-02 18:50:01] ...lsp/handlers.lua:562	"2025/08/02 18:50:01 signature help failed: cannot get type for Fun *ast.SelectorExpr (&{fmt Println})\n\tposition=17:47\n"
[START][2025-08-02 19:47:21] LSP logging initiated
[ERROR][2025-08-02 19:47:21] ...lsp/handlers.lua:562	"2025/08/02 19:47:21 signature help failed: call operand is not a func or type: *ast.Ident (streamable)\n\tposition=31:13\n"
[ERROR][2025-08-02 19:47:21] ...lsp/handlers.lua:562	"2025/08/02 19:47:21 signature help failed: call operand is not a func or type: *ast.Ident (streamable)\n\tposition=31:13\n"
[ERROR][2025-08-02 22:56:24] ...lsp/handlers.lua:562	"2025/08/02 22:56:24 signature help failed: cannot get type for Fun *ast.Ident (applyMiddleware)\n\tposition=24:37\n"
[ERROR][2025-08-02 22:56:32] ...lsp/handlers.lua:562	"2025/08/02 22:56:32 signature help failed: cannot get type for Fun *ast.Ident (applyMiddleware)\n\tposition=24:48\n"
[ERROR][2025-08-02 22:57:33] ...lsp/handlers.lua:562	"2025/08/02 22:57:33 no completions found: getting file file:///Users/akoffler/projects/meli/fury_cx-contact-hub-mcp/internal/adapters/http/mcp/middleware.go for Completion: <nil> (package completions: invalid position for package completion: cursor in non-matching ident)\n\tposition=0:1\n"
[ERROR][2025-08-02 23:20:25] ...lsp/handlers.lua:562	"2025/08/02 23:20:25 signature help failed: cannot get type for Fun *ast.SelectorExpr (&{chub New})\n\tposition=34:25\n"
[ERROR][2025-08-02 23:20:47] ...lsp/handlers.lua:562	"2025/08/02 23:20:47 no completions found: getting file file:///Users/akoffler/projects/meli/fury_cx-contact-hub-mcp/internal/adapters/http/client/client.go for Completion: <nil> (package completions: context canceled)\n\tposition=0:1\n"
[ERROR][2025-08-02 23:20:47] ...lsp/handlers.lua:562	"2025/08/02 23:20:47 no completions found: getting file file:///Users/akoffler/projects/meli/fury_cx-contact-hub-mcp/internal/adapters/http/client/client.go for Completion: <nil> (package completions: context canceled)\n\tposition=0:2\n"
[ERROR][2025-08-02 23:20:47] ...lsp/handlers.lua:562	"2025/08/02 23:20:47 no completions found: getting file file:///Users/akoffler/projects/meli/fury_cx-contact-hub-mcp/internal/adapters/http/client/client.go for Completion: <nil> (package completions: context canceled)\n\tposition=0:3\n"
[ERROR][2025-08-02 23:39:44] ...lsp/handlers.lua:562	"2025/08/02 23:39:44 signature help failed: cannot get type for Fun *ast.SelectorExpr (&{chub NewChubAPI})\n\tposition=9:24\n"
[ERROR][2025-08-02 23:39:44] ...lsp/handlers.lua:562	"2025/08/02 23:39:44 signature help failed: cannot get type for Fun *ast.SelectorExpr (&{chub NewChubAPI})\n\tposition=9:24\n"
[ERROR][2025-08-02 23:41:37] ...lsp/handlers.lua:562	"2025/08/02 23:41:37 signature help failed: cannot get type for Fun *ast.SelectorExpr (&{http NewChubAPI})\n\tposition=34:28\n"
[ERROR][2025-08-02 23:44:09] ...lsp/handlers.lua:562	"2025/08/02 23:44:09 no completions found: failed to collect completions: context canceled\n\tposition=2:4\n"
[ERROR][2025-08-02 23:47:08] ...lsp/handlers.lua:562	"2025/08/02 23:47:08 signature help failed: cannot get type for Fun *ast.SelectorExpr (&{chub New})\n\tposition=3:17\n"
[ERROR][2025-08-02 23:47:17] ...lsp/handlers.lua:562	"2025/08/02 23:47:17 signature help failed: cannot get type for Fun *ast.SelectorExpr (&{chub New})\n\tposition=3:17\n"
[ERROR][2025-08-02 23:51:50] ...lsp/handlers.lua:562	"2025/08/02 23:51:50 signature help failed: cannot get type for Fun *ast.SelectorExpr (&{chubMCP New})\n\tposition=12:13\n"
[ERROR][2025-08-02 23:55:01] ...lsp/handlers.lua:562	"2025/08/02 23:55:01 signature help failed: cannot get type for Fun *ast.SelectorExpr (&{tools CreateCase})\n\tposition=3:47\n"
[ERROR][2025-08-03 00:11:43] ...lsp/handlers.lua:562	"2025/08/03 00:11:43 signature help failed: cannot get type for Fun *ast.SelectorExpr (&{fmt Errorf})\n\tposition=18:20\n"
[ERROR][2025-08-03 00:12:59] ...lsp/handlers.lua:562	"2025/08/03 00:12:59 signature help failed: cannot get type for Fun *ast.SelectorExpr (&{fmt Errorf})\n\tposition=20:59\n"
[ERROR][2025-08-03 00:12:59] ...lsp/handlers.lua:562	"2025/08/03 00:12:59 signature help failed: cannot get type for Fun *ast.SelectorExpr (&{fmt Errorf})\n\tposition=20:60\n"
[ERROR][2025-08-03 00:13:01] ...lsp/handlers.lua:562	"2025/08/03 00:13:01 signature help failed: cannot get type for Fun *ast.SelectorExpr (&{fmt Errorf})\n\tposition=20:64\n"
[ERROR][2025-08-03 00:13:01] ...lsp/handlers.lua:562	"2025/08/03 00:13:01 signature help failed: cannot get type for Fun *ast.SelectorExpr (&{fmt Errorf})\n\tposition=20:65\n"
[ERROR][2025-08-03 00:19:14] ...lsp/handlers.lua:562	"2025/08/03 00:19:14 signature help failed: cannot get type for Fun *ast.SelectorExpr (&{strings Join})\n\tposition=32:73\n"
[ERROR][2025-08-03 00:19:16] ...lsp/handlers.lua:562	"2025/08/03 00:19:16 signature help failed: cannot get type for Fun *ast.SelectorExpr (&{strings Join})\n\tposition=32:73\n"
[ERROR][2025-08-03 00:19:17] ...lsp/handlers.lua:562	"2025/08/03 00:19:17 signature help failed: cannot get type for Fun *ast.SelectorExpr (&{strings Join})\n\tposition=32:82\n"
[ERROR][2025-08-03 00:19:18] ...lsp/handlers.lua:562	"2025/08/03 00:19:18 signature help failed: cannot get type for Fun *ast.SelectorExpr (&{strings Join})\n\tposition=32:83\n"
[START][2025-08-03 00:20:43] LSP logging initiated
[ERROR][2025-08-03 00:20:43] ...lsp/handlers.lua:562	"2025/08/03 00:20:43 signature help failed: cannot get type for Fun *ast.SelectorExpr (&{os Exit})\n\tposition=3:16\n"
[ERROR][2025-08-03 00:35:51] ...lsp/handlers.lua:562	"2025/08/03 00:35:51 no completions found: getting file file:///Users/akoffler/projects/meli/fury_cx-contact-hub-mcp/internal/adapters/http/mcp/chub/chub.go for Completion: context canceled (package completions: context canceled)\n\tposition=6:65\n"
[ERROR][2025-08-03 00:42:31] ...lsp/handlers.lua:562	"2025/08/03 00:42:31 signature help failed: cannot get type for Fun *ast.SelectorExpr (&{chubMCP NewChubMcpServer})\n\tposition=32:33\n"
[START][2025-08-03 01:24:14] LSP logging initiated
[ERROR][2025-08-03 01:24:14] ...lsp/handlers.lua:562	"2025/08/03 01:24:14 signature help failed: cannot get type for Fun *ast.SelectorExpr (&{server ServeStdio})\n\tposition=38:19\n"
[ERROR][2025-08-03 01:54:33] ...lsp/handlers.lua:562	"2025/08/03 01:54:33 signature help failed: cannot get type for Fun *ast.SelectorExpr (&{stdioServer Serve})\n\tposition=41:26\n"
[ERROR][2025-08-03 01:54:34] ...lsp/handlers.lua:562	"2025/08/03 01:54:34 signature help failed: cannot get type for Fun *ast.SelectorExpr (&{stdioServer Serve})\n\tposition=41:26\n"
[START][2025-08-03 20:53:10] LSP logging initiated
[ERROR][2025-08-03 20:53:10] ...lsp/handlers.lua:562	'2025/08/03 20:53:10 unable to compute deps errors: stat : no such file or directory\n\tpackage="_/Users/akoffler/projects/meli/fury_cx-engineering-kb/vs-framework/v1"\n'
[ERROR][2025-08-03 20:53:10] ...lsp/handlers.lua:562	'2025/08/03 20:53:10 unable to compute deps errors: stat : no such file or directory\n\tpackage="_/Users/akoffler/projects/meli/fury_cx-engineering-kb/vs-framework/v1"\n'
[ERROR][2025-08-03 20:53:13] ...lsp/handlers.lua:562	'2025/08/03 20:53:13 unable to compute deps errors: stat : no such file or directory\n\tpackage="_/Users/akoffler/projects/meli/fury_cx-engineering-kb/vs-framework/v1"\n'
[ERROR][2025-08-03 20:53:55] ...lsp/handlers.lua:562	'2025/08/03 20:53:55 unable to compute deps errors: stat : no such file or directory\n\tpackage="_/Users/akoffler/projects/meli/fury_cx-engineering-kb/vs-framework/v1"\n'
[ERROR][2025-08-03 20:53:55] ...lsp/handlers.lua:562	'2025/08/03 20:53:55 unable to compute deps errors: stat : no such file or directory\n\tpackage="_/Users/akoffler/projects/meli/fury_cx-engineering-kb/vs-framework/v1"\n'
[ERROR][2025-08-03 20:53:55] ...lsp/handlers.lua:562	'2025/08/03 20:53:55 unable to compute deps errors: stat : no such file or directory\n\tpackage="_/Users/akoffler/projects/meli/fury_cx-engineering-kb/vs-framework/v1"\n'
[ERROR][2025-08-03 20:53:55] ...lsp/handlers.lua:562	'2025/08/03 20:53:55 unable to compute deps errors: stat : no such file or directory\n\tpackage="_/Users/akoffler/projects/meli/fury_cx-engineering-kb/vs-framework/v1"\n'
[ERROR][2025-08-03 20:53:56] ...lsp/handlers.lua:562	'2025/08/03 20:53:56 unable to compute deps errors: stat : no such file or directory\n\tpackage="_/Users/akoffler/projects/meli/fury_cx-engineering-kb/vs-framework/v1"\n'
[ERROR][2025-08-03 20:53:59] ...lsp/handlers.lua:562	'2025/08/03 20:53:59 unable to compute deps errors: stat : no such file or directory\n\tpackage="_/Users/akoffler/projects/meli/fury_cx-engineering-kb/vs-framework/v1"\n'
[ERROR][2025-08-03 20:54:00] ...lsp/handlers.lua:562	'2025/08/03 20:54:00 unable to compute deps errors: stat : no such file or directory\n\tpackage="_/Users/akoffler/projects/meli/fury_cx-engineering-kb/vs-framework/v1"\n'
[ERROR][2025-08-03 20:54:00] ...lsp/handlers.lua:562	'2025/08/03 20:54:00 unable to compute deps errors: stat : no such file or directory\n\tpackage="_/Users/akoffler/projects/meli/fury_cx-engineering-kb/vs-framework/v1"\n'
[ERROR][2025-08-03 20:54:00] ...lsp/handlers.lua:562	'2025/08/03 20:54:00 unable to compute deps errors: stat : no such file or directory\n\tpackage="_/Users/akoffler/projects/meli/fury_cx-engineering-kb/vs-framework/v1"\n'
[START][2025-08-03 21:29:00] LSP logging initiated
[ERROR][2025-08-03 21:29:00] ...lsp/handlers.lua:562	"2025/08/03 21:29:00 signature help failed: cannot get type for Fun *ast.SelectorExpr (&{os Getenv})\n\tposition=9:20\n"
[ERROR][2025-08-03 21:30:14] ...lsp/handlers.lua:562	"2025/08/03 21:30:14 signature help failed: cannot get type for Fun *ast.SelectorExpr (&{fmt Errorf})\n\tposition=13:30\n"
[ERROR][2025-08-03 21:30:46] ...lsp/handlers.lua:562	"2025/08/03 21:30:46 signature help failed: cannot get type for Fun *ast.SelectorExpr (&{fmt Errorf})\n\tposition=13:71\n"
[ERROR][2025-08-03 21:30:46] ...lsp/handlers.lua:562	"2025/08/03 21:30:46 signature help failed: cannot get type for Fun *ast.SelectorExpr (&{fmt Errorf})\n\tposition=13:72\n"
[ERROR][2025-08-03 21:30:56] ...lsp/handlers.lua:562	"2025/08/03 21:30:56 signature help failed: cannot get type for Fun *ast.SelectorExpr (&{fmt Errorf})\n\tposition=13:98\n"
[ERROR][2025-08-03 21:30:56] ...lsp/handlers.lua:562	"2025/08/03 21:30:56 signature help failed: cannot get type for Fun *ast.SelectorExpr (&{fmt Errorf})\n\tposition=13:99\n"
[ERROR][2025-08-03 21:33:24] ...lsp/handlers.lua:562	"2025/08/03 21:33:24 signature help failed: cannot get type for Fun *ast.SelectorExpr (&{fmt Errorf})\n\tposition=29:30\n"
[ERROR][2025-08-03 21:33:24] ...lsp/handlers.lua:562	"2025/08/03 21:33:24 signature help failed: cannot get type for Fun *ast.SelectorExpr (&{fmt Errorf})\n\tposition=29:31\n"
[ERROR][2025-08-03 21:33:24] ...lsp/handlers.lua:562	"2025/08/03 21:33:24 signature help failed: cannot get type for Fun *ast.SelectorExpr (&{fmt Errorf})\n\tposition=29:30\n"
[ERROR][2025-08-03 21:33:45] ...lsp/handlers.lua:562	"2025/08/03 21:33:45 signature help failed: cannot get type for Fun *ast.SelectorExpr (&{fmt Errorf})\n\tposition=29:55\n"
[ERROR][2025-08-03 21:33:47] ...lsp/handlers.lua:562	"2025/08/03 21:33:47 signature help failed: cannot get type for Fun *ast.SelectorExpr (&{fmt Errorf})\n\tposition=29:55\n"
[ERROR][2025-08-03 21:46:01] ...lsp/handlers.lua:562	"2025/08/03 21:46:01 signature help failed: cannot get type for Fun *ast.SelectorExpr (&{t Unsetenv})\n\tposition=12:13\n"
[ERROR][2025-08-03 21:46:01] ...lsp/handlers.lua:562	"2025/08/03 21:46:01 signature help failed: cannot get type for Fun *ast.SelectorExpr (&{t Unsetenv})\n\tposition=12:13\n"
[ERROR][2025-08-03 21:46:07] ...lsp/handlers.lua:562	"2025/08/03 21:46:07 signature help failed: cannot get type for Fun *ast.SelectorExpr (&{t Unsetenv})\n\tposition=12:13\n"
[ERROR][2025-08-03 21:46:07] ...lsp/handlers.lua:562	"2025/08/03 21:46:07 signature help failed: cannot get type for Fun *ast.SelectorExpr (&{t Unsetenv})\n\tposition=12:13\n"
[ERROR][2025-08-03 21:47:23] ...lsp/handlers.lua:562	"2025/08/03 21:47:23 signature help failed: cannot get type for Fun *ast.SelectorExpr (&{errors new})\n\tposition=20:37\n"
[ERROR][2025-08-03 22:55:30] ...lsp/handlers.lua:562	'2025/08/03 22:55:30 error executing postfix template: template: postfix_snippet:1:33: executing "postfix_snippet" at <.TypeName>: error calling TypeName: invalid type: invalid type\n'
[ERROR][2025-08-03 22:55:30] ...lsp/handlers.lua:562	'2025/08/03 22:55:30 error executing postfix template: template: postfix_snippet:1:33: executing "postfix_snippet" at <.TypeName>: error calling TypeName: invalid type: invalid type\n'
[ERROR][2025-08-03 23:03:41] ...lsp/handlers.lua:562	"2025/08/03 23:03:41 no completions found: getting file file:///Users/akoffler/projects/meli/fury_cx-contact-hub-mcp/internal/adapters/mcp/mcp.go for Completion: context canceled (package completions: context canceled)\n\tposition=7:69\n"
[ERROR][2025-08-03 23:24:43] ...lsp/handlers.lua:562	"2025/08/03 23:24:43 signature help failed: cannot get type for Fun *ast.Ident (stream)\n\tposition=47:18\n"
[ERROR][2025-08-03 23:27:39] ...lsp/handlers.lua:562	"2025/08/03 23:27:39 signature help failed: call operand is not a func or type: *ast.Ident (make)\n\tposition=22:114\n"
[ERROR][2025-08-03 23:27:40] ...lsp/handlers.lua:562	"2025/08/03 23:27:40 signature help failed: call operand is not a func or type: *ast.Ident (make)\n\tposition=22:115\n"
[ERROR][2025-08-03 23:28:46] ...lsp/handlers.lua:562	"2025/08/03 23:28:46 signature help failed: cannot get type for Fun *ast.SelectorExpr (&{fmt Sprintf})\n\tposition=26:69\n"
[ERROR][2025-08-03 23:28:56] ...lsp/handlers.lua:562	"2025/08/03 23:28:56 signature help failed: cannot get type for Fun *ast.SelectorExpr (&{fmt Sprintf})\n\tposition=26:79\n"
[ERROR][2025-08-03 23:28:56] ...lsp/handlers.lua:562	"2025/08/03 23:28:56 signature help failed: cannot get type for Fun *ast.SelectorExpr (&{fmt Sprintf})\n\tposition=26:80\n"
[ERROR][2025-08-03 23:29:50] ...lsp/handlers.lua:562	"2025/08/03 23:29:50 signature help failed: call operand is not a func or type: *ast.Ident (len)\n\tposition=33:8\n"
[ERROR][2025-08-03 23:30:12] ...lsp/handlers.lua:562	"2025/08/03 23:30:12 signature help failed: cannot get type for Fun *ast.SelectorExpr (&{errors New})\n\tposition=13:40\n"
[START][2025-08-04 01:00:17] LSP logging initiated
[ERROR][2025-08-04 01:00:17] ...m/lsp/client.lua:619	"LSP[gopls]"	"Cannot find request with id 174 whilst attempting to cancel"
[START][2025-08-04 01:11:59] LSP logging initiated
[ERROR][2025-08-04 01:11:59] ...lsp/handlers.lua:562	"2025/08/04 01:11:59 signature help failed: cannot get type for Fun *ast.SelectorExpr (&{errors New})\n\tposition=15:20\n"
[ERROR][2025-08-04 01:12:28] ...lsp/handlers.lua:562	"2025/08/04 01:12:28 signature help failed: cannot get type for Fun *ast.SelectorExpr (&{errors New})\n\tposition=5:36\n"
[ERROR][2025-08-04 01:12:43] ...lsp/handlers.lua:562	"2025/08/04 01:12:43 signature help failed: cannot get type for Fun *ast.SelectorExpr (&{fmt Errorf})\n\tposition=19:25\n"
[ERROR][2025-08-04 01:12:44] ...lsp/handlers.lua:562	"2025/08/04 01:12:44 signature help failed: cannot get type for Fun *ast.SelectorExpr (&{fmt Errorf})\n\tposition=19:25\n"
[ERROR][2025-08-04 01:12:57] ...lsp/handlers.lua:562	"2025/08/04 01:12:57 signature help failed: cannot get type for Fun *ast.SelectorExpr (&{fmt Errorf})\n\tposition=19:39\n"
[ERROR][2025-08-04 01:12:57] ...lsp/handlers.lua:562	"2025/08/04 01:12:57 signature help failed: cannot get type for Fun *ast.SelectorExpr (&{fmt Errorf})\n\tposition=19:40\n"
[ERROR][2025-08-04 01:13:04] ...lsp/handlers.lua:562	"2025/08/04 01:13:04 signature help failed: cannot get type for Fun *ast.SelectorExpr (&{fmt Errorf})\n\tposition=19:40\n"
[ERROR][2025-08-04 01:13:09] ...lsp/handlers.lua:562	"2025/08/04 01:13:09 signature help failed: cannot get type for Fun *ast.SelectorExpr (&{fmt Errorf})\n\tposition=19:40\n"
[START][2025-08-04 01:48:42] LSP logging initiated
[ERROR][2025-08-04 01:48:42] ...lsp/handlers.lua:562	"2025/08/04 01:48:42 signature help failed: cannot get type for Fun *ast.SelectorExpr (&{mcptest NewUnstartedServer})\n\tposition=12:34\n"
[ERROR][2025-08-04 01:48:47] ...lsp/handlers.lua:562	"2025/08/04 01:48:47 signature help failed: cannot get type for Fun *ast.SelectorExpr (&{mcptest NewUnstartedServer})\n\tposition=12:34\n"
[ERROR][2025-08-04 01:48:48] ...lsp/handlers.lua:562	"2025/08/04 01:48:48 signature help failed: cannot get type for Fun *ast.SelectorExpr (&{mcptest NewUnstartedServer})\n\tposition=12:34\n"
[ERROR][2025-08-04 01:49:20] ...lsp/handlers.lua:562	"2025/08/04 01:49:20 signature help failed: cannot get type for Fun *ast.SelectorExpr (&{chub NewMockChubAPI})\n\tposition=18:21\n"
[ERROR][2025-08-04 01:49:28] ...lsp/handlers.lua:562	"2025/08/04 01:49:28 signature help failed: cannot get type for Fun *ast.SelectorExpr (&{chub NewMockChubAPI})\n\tposition=18:21\n"
[START][2025-08-04 02:13:43] LSP logging initiated
[ERROR][2025-08-04 02:13:43] ...lsp/handlers.lua:562	"2025/08/04 02:13:43 no completions found: getting file file:///Users/akoffler/projects/meli/fury_cx-contact-hub-mcp/internal/business/chub/chub_test.go for Completion: <nil> (package completions: invalid position for package completion: cursor after expression)\n\tposition=0:13\n"
[START][2025-08-04 02:32:14] LSP logging initiated
[ERROR][2025-08-04 02:32:14] ...lsp/handlers.lua:562	"2025/08/04 02:32:14 signature help failed: cannot get type for Fun *ast.SelectorExpr (&{chub New})\n\tposition=33:21\n"
[ERROR][2025-08-04 02:33:04] ...m/lsp/client.lua:619	"LSP[gopls]"	"Cannot find request with id 604 whilst attempting to cancel"
[ERROR][2025-08-04 02:39:41] ...lsp/handlers.lua:562	"2025/08/04 02:39:41 signature help failed: call operand is not a func or type: *ast.SelectorExpr (&{s mcptest})\n\tposition=44:21\n"
[START][2025-08-04 02:51:08] LSP logging initiated
[ERROR][2025-08-04 02:51:08] ...lsp/handlers.lua:562	"2025/08/04 02:51:08 signature help failed: call operand is not a func or type: *ast.Ident (new)\n\tposition=89:18\n"
[ERROR][2025-08-04 03:08:01] ...m/lsp/client.lua:619	"LSP[gopls]"	"Cannot find request with id 629 whilst attempting to cancel"
[ERROR][2025-08-04 03:19:26] ...lsp/handlers.lua:562	"2025/08/04 03:19:26 signature help failed: cannot get type for Fun *ast.SelectorExpr (&{time Sleep})\n\tposition=52:13\n"
[ERROR][2025-08-04 03:22:59] ...lsp/handlers.lua:562	"2025/08/04 03:22:59 signature help failed: cannot get type for Fun *ast.SelectorExpr (&{0x14018f96990 Start})\n\tposition=46:16\n"
[ERROR][2025-08-04 03:35:18] ...lsp/handlers.lua:562	"2025/08/04 03:35:18 signature help failed: call operand is not a func or type: *ast.Ident (new)\n\tposition=69:53\n"
[START][2025-08-04 11:44:14] LSP logging initiated
[ERROR][2025-08-04 11:44:14] ...lsp/handlers.lua:562	"2025/08/04 11:44:14 signature help failed: cannot get type for Fun *ast.SelectorExpr (&{fmt Errorf})\n\tposition=12:24\n"
[ERROR][2025-08-04 11:44:18] ...lsp/handlers.lua:562	"2025/08/04 11:44:18 signature help failed: cannot get type for Fun *ast.SelectorExpr (&{fmt Errorf})\n\tposition=12:37\n"
[ERROR][2025-08-04 11:44:19] ...lsp/handlers.lua:562	"2025/08/04 11:44:19 signature help failed: cannot get type for Fun *ast.SelectorExpr (&{fmt Errorf})\n\tposition=12:38\n"
[ERROR][2025-08-04 11:44:19] ...lsp/handlers.lua:562	"2025/08/04 11:44:19 signature help failed: cannot get type for Fun *ast.SelectorExpr (&{fmt Errorf})\n\tposition=12:37\n"
[ERROR][2025-08-04 11:44:20] ...lsp/handlers.lua:562	"2025/08/04 11:44:20 signature help failed: cannot get type for Fun *ast.SelectorExpr (&{fmt Errorf})\n\tposition=12:38\n"
[ERROR][2025-08-04 11:44:20] ...lsp/handlers.lua:562	"2025/08/04 11:44:20 signature help failed: cannot get type for Fun *ast.SelectorExpr (&{fmt Errorf})\n\tposition=12:39\n"
[ERROR][2025-08-04 11:44:21] ...lsp/handlers.lua:562	"2025/08/04 11:44:21 signature help failed: cannot get type for Fun *ast.SelectorExpr (&{fmt Errorf})\n\tposition=12:39\n"
[ERROR][2025-08-04 11:47:58] ...lsp/handlers.lua:562	"2025/08/04 11:47:58 signature help failed: call operand is not a func or type: *ast.SelectorExpr (&{me Stacktrace})\n\tposition=24:22\n"
[START][2025-08-04 11:56:32] LSP logging initiated
[ERROR][2025-08-04 11:56:32] ...lsp/handlers.lua:562	"2025/08/04 11:56:32 no completions found: getting file file:///Users/akoffler/projects/meli/fury_cx-contact-hub-mcp/cmd/http/main.go for Completion: context canceled (package completions: context canceled)\n\tposition=7:77\n"
[ERROR][2025-08-04 12:10:17] ...lsp/handlers.lua:562	"2025/08/04 12:10:17 no completions found: getting file file:///Users/akoffler/projects/meli/fury_cx-contact-hub-mcp/internal/adapters/mcp/tools/doc.go for Completion: context canceled (package completions: context canceled)\n\tposition=0:1\n"
[ERROR][2025-08-04 12:16:51] ...lsp/handlers.lua:562	"2025/08/04 12:16:51 signature help failed: cannot get type for Fun *ast.SelectorExpr (&{app Get})\n\tposition=13:9\n"
[ERROR][2025-08-04 12:16:53] ...lsp/handlers.lua:562	"2025/08/04 12:16:53 signature help failed: cannot get type for Fun *ast.SelectorExpr (&{app Get})\n\tposition=13:24\n"
[ERROR][2025-08-04 12:16:53] ...lsp/handlers.lua:562	"2025/08/04 12:16:53 signature help failed: cannot get type for Fun *ast.SelectorExpr (&{app Get})\n\tposition=13:25\n"
[ERROR][2025-08-04 12:16:56] ...lsp/handlers.lua:562	"2025/08/04 12:16:56 signature help failed: cannot get type for Fun *ast.Ident (handlerFn)\n\tposition=13:35\n"
[ERROR][2025-08-04 12:16:56] ...lsp/handlers.lua:562	"2025/08/04 12:16:56 signature help failed: cannot get type for Fun *ast.Ident (handlerFn)\n\tposition=13:35\n"
[START][2025-08-04 12:23:26] LSP logging initiated
[ERROR][2025-08-04 12:23:26] ...lsp/handlers.lua:562	"2025/08/04 12:23:26 no completions found: getting file file:///Users/akoffler/projects/meli/fury_cx-contact-hub-mcp/internal/adapters/mcp/chub/chub_test.go for Completion: <nil> (package completions: invalid position for package completion: cursor in non-matching ident)\n\tposition=1:1\n"
[START][2025-08-04 13:13:35] LSP logging initiated
[ERROR][2025-08-04 13:13:35] ...lsp/handlers.lua:562	"2025/08/04 13:13:35 signature help failed: cannot get type for Fun *ast.Ident (nex)\n\tposition=14:14\n"
[ERROR][2025-08-04 13:13:38] ...lsp/handlers.lua:562	"2025/08/04 13:13:38 signature help failed: cannot get type for Fun *ast.Ident (nex)\n\tposition=14:14\n"
[ERROR][2025-08-04 13:13:38] ...lsp/handlers.lua:562	"2025/08/04 13:13:38 signature help failed: cannot get type for Fun *ast.Ident (nextx)\n\tposition=14:16\n"
[ERROR][2025-08-04 13:13:40] ...lsp/handlers.lua:562	"2025/08/04 13:13:40 signature help failed: cannot get type for Fun *ast.Ident (nexxt)\n\tposition=14:16\n"
[ERROR][2025-08-04 13:17:01] ...lsp/handlers.lua:562	"2025/08/04 13:17:01 signature help failed: cannot get type for Fun *ast.SelectorExpr (&{mid WithMetrics})\n\tposition=12:71\n"
[ERROR][2025-08-04 13:17:48] ...lsp/handlers.lua:562	"2025/08/04 13:17:48 signature help failed: cannot get type for Fun *ast.SelectorExpr (&{mid WithMetrics})\n\tposition=14:71\n"
[ERROR][2025-08-04 13:17:52] ...lsp/handlers.lua:562	"2025/08/04 13:17:52 signature help failed: cannot get type for Fun *ast.SelectorExpr (&{mid WithMetrics})\n\tposition=16:71\n"
[ERROR][2025-08-04 13:18:10] ...lsp/handlers.lua:562	"2025/08/04 13:18:10 signature help failed: cannot get type for Fun *ast.SelectorExpr (&{mid WithMetrics})\n\tposition=16:71\n"
[ERROR][2025-08-04 13:18:11] ...lsp/handlers.lua:562	"2025/08/04 13:18:11 signature help failed: cannot get type for Fun *ast.SelectorExpr (&{mid WithMetrics})\n\tposition=16:78\n"
[ERROR][2025-08-04 13:18:11] ...lsp/handlers.lua:562	"2025/08/04 13:18:11 signature help failed: cannot get type for Fun *ast.SelectorExpr (&{mid WithMetrics})\n\tposition=16:79\n"
[ERROR][2025-08-04 13:18:19] ...lsp/handlers.lua:562	"2025/08/04 13:18:19 signature help failed: cannot get type for Fun *ast.SelectorExpr (&{mid WithMetrics})\n\tposition=16:71\n"
[ERROR][2025-08-04 13:18:21] ...lsp/handlers.lua:562	"2025/08/04 13:18:21 signature help failed: cannot get type for Fun *ast.SelectorExpr (&{mid WithMetrics})\n\tposition=16:89\n"
[ERROR][2025-08-04 13:18:25] ...lsp/handlers.lua:562	"2025/08/04 13:18:25 signature help failed: cannot get type for Fun *ast.SelectorExpr (&{mid WithMetrics})\n\tposition=16:98\n"
[ERROR][2025-08-04 13:18:26] ...lsp/handlers.lua:562	"2025/08/04 13:18:26 signature help failed: cannot get type for Fun *ast.SelectorExpr (&{mid WithMetrics})\n\tposition=16:99\n"
[ERROR][2025-08-04 13:19:20] ...lsp/handlers.lua:562	"2025/08/04 13:19:20 signature help failed: cannot get type for Fun *ast.SelectorExpr (&{mid WithMetrics})\n\tposition=15:85\n"
[START][2025-08-05 15:11:33] LSP logging initiated
[ERROR][2025-08-05 15:11:33] ...lsp/handlers.lua:562	"2025/08/05 15:11:33 signature help failed: cannot get type for Fun *ast.SelectorExpr (&{fmt Errorf})\n\tposition=56:25\n"
[ERROR][2025-08-05 15:12:22] ...lsp/handlers.lua:562	"2025/08/05 15:12:22 signature help failed: cannot get type for Fun *ast.SelectorExpr (&{fmt Errorf})\n\tposition=56:71\n"
[ERROR][2025-08-05 15:12:22] ...lsp/handlers.lua:562	"2025/08/05 15:12:22 signature help failed: cannot get type for Fun *ast.SelectorExpr (&{fmt Errorf})\n\tposition=56:72\n"
[ERROR][2025-08-05 15:12:24] ...lsp/handlers.lua:562	"2025/08/05 15:12:24 signature help failed: cannot get type for Fun *ast.SelectorExpr (&{fmt Errorf})\n\tposition=56:76\n"
[ERROR][2025-08-05 15:12:24] ...lsp/handlers.lua:562	"2025/08/05 15:12:24 signature help failed: cannot get type for Fun *ast.SelectorExpr (&{fmt Errorf})\n\tposition=56:77\n"
[ERROR][2025-08-05 15:13:14] ...lsp/handlers.lua:562	"2025/08/05 15:13:14 signature help failed: cannot get type for Fun *ast.SelectorExpr (&{json Unmarshal})\n\tposition=61:21\n"
[START][2025-08-05 15:32:49] LSP logging initiated
[ERROR][2025-08-05 15:32:49] ...lsp/handlers.lua:562	"2025/08/05 15:32:49 signature help failed: cannot get type for Fun *ast.Ident (loadConfig)\n\tposition=44:20\n"
[ERROR][2025-08-05 15:48:48] ...lsp/handlers.lua:562	"2025/08/05 15:48:48 signature help failed: call operand is not a func or type: *ast.Ident (make)\n\tposition=51:13\n"
[ERROR][2025-08-05 15:48:54] ...lsp/handlers.lua:562	"2025/08/05 15:48:54 signature help failed: call operand is not a func or type: *ast.Ident (make)\n\tposition=51:31\n"
[ERROR][2025-08-05 15:48:55] ...lsp/handlers.lua:562	"2025/08/05 15:48:55 signature help failed: call operand is not a func or type: *ast.Ident (make)\n\tposition=51:32\n"
[ERROR][2025-08-05 15:48:56] ...lsp/handlers.lua:562	"2025/08/05 15:48:56 signature help failed: call operand is not a func or type: *ast.Ident (len)\n\tposition=51:36\n"
[ERROR][2025-08-05 15:49:38] ...lsp/handlers.lua:562	"2025/08/05 15:49:38 signature help failed: call operand is not a func or type: *ast.Ident (append)\n\tposition=54:15\n"
[ERROR][2025-08-05 15:49:40] ...lsp/handlers.lua:562	"2025/08/05 15:49:40 signature help failed: call operand is not a func or type: *ast.Ident (append)\n\tposition=54:19\n"
[ERROR][2025-08-05 15:49:40] ...lsp/handlers.lua:562	"2025/08/05 15:49:40 signature help failed: call operand is not a func or type: *ast.Ident (append)\n\tposition=54:20\n"
[ERROR][2025-08-05 15:54:25] ...lsp/handlers.lua:562	"2025/08/05 15:54:25 signature help failed: cannot get type for Fun *ast.SelectorExpr (&{strings Join})\n\tposition=36:68\n"
[ERROR][2025-08-05 15:54:28] ...lsp/handlers.lua:562	"2025/08/05 15:54:28 signature help failed: cannot get type for Fun *ast.SelectorExpr (&{strings Join})\n\tposition=36:81\n"
[ERROR][2025-08-05 15:54:28] ...lsp/handlers.lua:562	"2025/08/05 15:54:28 signature help failed: cannot get type for Fun *ast.SelectorExpr (&{strings Join})\n\tposition=36:82\n"
[ERROR][2025-08-05 15:54:28] ...lsp/handlers.lua:562	"2025/08/05 15:54:28 signature help failed: cannot get type for Fun *ast.SelectorExpr (&{strings Join})\n\tposition=36:81\n"
[ERROR][2025-08-05 15:54:29] ...lsp/handlers.lua:562	"2025/08/05 15:54:29 signature help failed: cannot get type for Fun *ast.SelectorExpr (&{strings Join})\n\tposition=36:80\n"
[ERROR][2025-08-05 15:54:29] ...lsp/handlers.lua:562	"2025/08/05 15:54:29 signature help failed: cannot get type for Fun *ast.SelectorExpr (&{strings Join})\n\tposition=36:81\n"
[START][2025-08-05 17:36:06] LSP logging initiated
[ERROR][2025-08-05 17:36:06] ...lsp/handlers.lua:562	"2025/08/05 17:36:06 no completions found: getting file file:///Users/akoffler/projects/meli/fury_cx-contact-hub-mcp/internal/adapters/config/config.go for Completion: <nil> (package completions: invalid position for package completion: cursor after expression)\n\tposition=0:1\n"
[START][2025-08-06 12:12:31] LSP logging initiated
[ERROR][2025-08-06 12:12:31] ...lsp/handlers.lua:562	"2025/08/06 12:12:31 signature help failed: call operand is not a func or type: *ast.SelectorExpr (&{result IsError})\n\tposition=107:16\n"
[ERROR][2025-08-06 12:12:31] ...lsp/handlers.lua:562	"2025/08/06 12:12:31 signature help failed: call operand is not a func or type: *ast.SelectorExpr (&{result IsError})\n\tposition=107:16\n"
[ERROR][2025-08-06 12:12:32] ...lsp/handlers.lua:562	"2025/08/06 12:12:32 signature help failed: call operand is not a func or type: *ast.SelectorExpr (&{result IsError})\n\tposition=107:16\n"
[ERROR][2025-08-06 12:14:42] ...lsp/handlers.lua:562	"2025/08/06 12:14:42 signature help failed: cannot get type for Fun *ast.SelectorExpr (&{foundation PrettyPrint})\n\tposition=108:24\n"
[ERROR][2025-08-06 12:14:43] ...lsp/handlers.lua:562	"2025/08/06 12:14:43 signature help failed: cannot get type for Fun *ast.SelectorExpr (&{foundation PrettyPrint})\n\tposition=108:24\n"
[ERROR][2025-08-06 12:16:18] ...lsp/handlers.lua:562	"2025/08/06 12:16:18 signature help failed: cannot get type for Fun *ast.SelectorExpr (&{0x14014bdfa00 Expect})\n\tposition=111:20\n"
[ERROR][2025-08-06 12:16:21] ...lsp/handlers.lua:562	"2025/08/06 12:16:21 signature help failed: cannot get type for Fun *ast.SelectorExpr (&{0x1401d647980 Expect})\n\tposition=111:41\n"
[ERROR][2025-08-06 12:16:21] ...lsp/handlers.lua:562	"2025/08/06 12:16:21 signature help failed: cannot get type for Fun *ast.SelectorExpr (&{0x1400f79ddc0 Expect})\n\tposition=111:42\n"
[ERROR][2025-08-06 12:36:55] ...lsp/handlers.lua:562	"2025/08/06 12:36:55 signature help failed: cannot get type for Fun *ast.SelectorExpr (&{s GetChannelOptionsHandler})\n\tposition=19:53\n"
[ERROR][2025-08-06 13:57:20] ...lsp/handlers.lua:562	"2025/08/06 13:57:20 signature help failed: cannot get type for Fun *ast.Ident (weak)\n\tposition=29:53\n"
[ERROR][2025-08-06 13:57:55] ...lsp/handlers.lua:562	"2025/08/06 13:57:55 signature help failed: cannot get type for Fun *ast.SelectorExpr (&{fmt Sprintf})\n\tposition=82:13\n"
[ERROR][2025-08-06 14:01:08] ...lsp/handlers.lua:562	"2025/08/06 14:01:08 signature help failed: call operand is not a func or type: *ast.Ident (append)\n\tposition=76:20\n"
[START][2025-08-06 16:30:35] LSP logging initiated
[ERROR][2025-08-06 16:30:35] ...lsp/handlers.lua:562	"2025/08/06 16:30:35 signature help failed: cannot get type for Fun *ast.SelectorExpr (&{fmt Errorf})\n\tposition=35:28\n"
[ERROR][2025-08-06 16:30:52] ...lsp/handlers.lua:562	"2025/08/06 16:30:52 signature help failed: cannot get type for Fun *ast.SelectorExpr (&{fmt Errorf})\n\tposition=35:77\n"
[ERROR][2025-08-06 16:30:52] ...lsp/handlers.lua:562	"2025/08/06 16:30:52 signature help failed: cannot get type for Fun *ast.SelectorExpr (&{fmt Errorf})\n\tposition=35:78\n"
[ERROR][2025-08-06 16:36:58] ...lsp/handlers.lua:562	"2025/08/06 16:36:58 signature help failed: cannot get type for Fun *ast.SelectorExpr (&{json Unmarshal})\n\tposition=38:23\n"
[ERROR][2025-08-06 16:37:05] ...lsp/handlers.lua:562	"2025/08/06 16:37:05 signature help failed: cannot get type for Fun *ast.SelectorExpr (&{json Unmarshal})\n\tposition=38:32\n"
[ERROR][2025-08-06 16:37:05] ...lsp/handlers.lua:562	"2025/08/06 16:37:05 signature help failed: cannot get type for Fun *ast.SelectorExpr (&{json Unmarshal})\n\tposition=38:33\n"
[START][2025-08-08 10:41:49] LSP logging initiated
[ERROR][2025-08-08 10:41:49] ...m/lsp/client.lua:619	"LSP[gopls]"	"Cannot find request with id 413 whilst attempting to cancel"
[ERROR][2025-08-08 10:43:26] ...m/lsp/client.lua:619	"LSP[gopls]"	"Cannot find request with id 456 whilst attempting to cancel"
[ERROR][2025-08-08 10:43:45] ...lsp/handlers.lua:562	"2025/08/08 10:43:45 signature help failed: cannot get type for Fun *ast.SelectorExpr (&{json Unmarshal})\n\tposition=343:16\n"
[ERROR][2025-08-08 10:44:20] ...lsp/handlers.lua:562	"2025/08/08 10:44:20 signature help failed: cannot get type for Fun *ast.SelectorExpr (&{json Unmarshal})\n\tposition=350:22\n"
[ERROR][2025-08-08 10:44:24] ...lsp/handlers.lua:562	"2025/08/08 10:44:24 signature help failed: cannot get type for Fun *ast.SelectorExpr (&{json Unmarshal})\n\tposition=350:22\n"
[ERROR][2025-08-08 10:44:31] ...lsp/handlers.lua:562	"2025/08/08 10:44:31 signature help failed: cannot get type for Fun *ast.SelectorExpr (&{json Unmarshal})\n\tposition=350:48\n"
[ERROR][2025-08-08 10:51:07] ...m/lsp/client.lua:619	"LSP[gopls]"	"Cannot find request with id 1003 whilst attempting to cancel"
[START][2025-08-09 15:57:41] LSP logging initiated
[ERROR][2025-08-09 15:57:41] ...lsp/handlers.lua:562	"2025/08/09 15:57:41 signature help failed: cannot get type for Fun *ast.SelectorExpr (&{uuid NewString})\n\tposition=30:26\n"
[ERROR][2025-08-09 16:20:56] ...lsp/handlers.lua:562	"2025/08/09 16:20:56 signature help failed: call operand is not a func or type: *ast.Ident (make)\n\tposition=14:29\n"
[ERROR][2025-08-09 16:22:06] ...lsp/handlers.lua:562	"2025/08/09 16:22:06 signature help failed: cannot get type for Fun *ast.SelectorExpr (&{mid ApplyMiddleware})\n\tposition=22:34\n"
[ERROR][2025-08-09 17:08:04] ...lsp/handlers.lua:562	"2025/08/09 17:08:04 no completions found: getting file file:///Users/akoffler/projects/meli/fury_cx-contact-hub-mcp/internal/adapters/mcp2/chub/get_channel_options.go for Completion: context canceled (package completions: context canceled)\n\tposition=6:70\n"
[ERROR][2025-08-09 17:08:05] ...lsp/handlers.lua:562	"2025/08/09 17:08:05 no completions found: getting file file:///Users/akoffler/projects/meli/fury_cx-contact-hub-mcp/internal/adapters/mcp2/chub/get_channel_options.go for Completion: context canceled (package completions: context canceled)\n\tposition=6:75\n"
[ERROR][2025-08-09 17:15:19] ...lsp/handlers.lua:562	"2025/08/09 17:15:19 signature help failed: cannot get type for Fun *ast.SelectorExpr (&{s GetChannelOptionsHandler})\n\tposition=21:29\n"
[ERROR][2025-08-09 17:29:55] ...lsp/handlers.lua:562	"2025/08/09 17:29:55 signature help failed: cannot get type for Fun *ast.SelectorExpr (&{s GetChannelOptionsHandler})\n\tposition=21:29\n"
[START][2025-08-10 08:23:46] LSP logging initiated
[ERROR][2025-08-10 08:23:46] ...lsp/handlers.lua:562	"2025/08/10 08:23:46 signature help failed: cannot get type for Fun *ast.SelectorExpr (&{mcp RegisterTool})\n\tposition=19:18\n"
[ERROR][2025-08-10 08:23:48] ...lsp/handlers.lua:562	"2025/08/10 08:23:48 signature help failed: cannot get type for Fun *ast.SelectorExpr (&{mcp RegisterTool})\n\tposition=19:18\n"
[ERROR][2025-08-10 08:23:49] ...lsp/handlers.lua:562	"2025/08/10 08:23:49 signature help failed: cannot get type for Fun *ast.SelectorExpr (&{mcp RegisterTool})\n\tposition=19:24\n"
[ERROR][2025-08-10 08:23:50] ...lsp/handlers.lua:562	"2025/08/10 08:23:50 signature help failed: cannot get type for Fun *ast.SelectorExpr (&{mcp RegisterTool})\n\tposition=19:25\n"
[ERROR][2025-08-10 08:26:09] ...lsp/handlers.lua:562	"2025/08/10 08:26:09 signature help failed: cannot get type for Fun *ast.SelectorExpr (&{c GetChannelOptionsHandler})\n\tposition=21:90\n"
[ERROR][2025-08-10 09:28:14] ...lsp/handlers.lua:562	"2025/08/10 09:28:14 signature help failed: cannot get type for Fun *ast.SelectorExpr (&{mcp AddTool})\n\tposition=31:13\n"
[START][2025-08-10 12:08:09] LSP logging initiated
[ERROR][2025-08-10 12:08:09] ...m/lsp/client.lua:619	"LSP[gopls]"	"Cannot find request with id 674 whilst attempting to cancel"
[ERROR][2025-08-10 12:11:20] ...m/lsp/client.lua:619	"LSP[gopls]"	"Cannot find request with id 767 whilst attempting to cancel"
[START][2025-08-12 10:06:40] LSP logging initiated
[ERROR][2025-08-12 10:06:40] ...lsp/handlers.lua:562	"2025/08/12 10:06:40 signature help failed: cannot get type for Fun *ast.SelectorExpr (&{strconv Itoa})\n\tposition=35:27\n"
[START][2025-08-12 11:09:21] LSP logging initiated
[ERROR][2025-08-12 11:09:21] ...lsp/handlers.lua:562	"TSServer exited. Code: null. Signal: SIGTERM"
[START][2025-08-12 11:19:12] LSP logging initiated
[ERROR][2025-08-12 11:19:12] ...lsp/handlers.lua:562	"TSServer exited. Code: null. Signal: SIGTERM"
[START][2025-08-12 13:07:00] LSP logging initiated
[ERROR][2025-08-12 13:07:00] ...lsp/handlers.lua:562	"TSServer exited. Code: null. Signal: SIGTERM"
[START][2025-08-12 13:09:22] LSP logging initiated
[ERROR][2025-08-12 13:09:22] ...lsp/handlers.lua:562	"TSServer exited. Code: null. Signal: SIGTERM"
[START][2025-08-12 14:37:09] LSP logging initiated
[ERROR][2025-08-12 14:37:09] ...m/lsp/client.lua:619	"LSP[vtsls]"	"Cannot find request with id 1103 whilst attempting to cancel"
[ERROR][2025-08-12 15:02:17] ...lsp/handlers.lua:562	"TSServer exited. Code: null. Signal: SIGTERM"
[START][2025-08-12 16:12:48] LSP logging initiated
[ERROR][2025-08-12 16:12:48] ...lsp/handlers.lua:562	"TSServer exited. Code: null. Signal: SIGTERM"
[START][2025-08-13 11:21:00] LSP logging initiated
[ERROR][2025-08-13 11:21:00] ...lsp/handlers.lua:562	"2025/08/13 11:21:00 signature help failed: cannot get type for Fun *ast.Ident (newRetryableClient)\n\tposition=15:29\n"
[ERROR][2025-08-13 11:21:17] ...lsp/handlers.lua:562	"2025/08/13 11:21:17 signature help failed: cannot get type for Fun *ast.SelectorExpr (&{chub NewChubAPI})\n\tposition=17:22\n"
[ERROR][2025-08-13 11:21:20] ...lsp/handlers.lua:562	"2025/08/13 11:21:20 signature help failed: cannot get type for Fun *ast.SelectorExpr (&{chub NewChubAPI})\n\tposition=17:34\n"
[ERROR][2025-08-13 11:21:20] ...lsp/handlers.lua:562	"2025/08/13 11:21:20 signature help failed: cannot get type for Fun *ast.SelectorExpr (&{chub NewChubAPI})\n\tposition=17:35\n"
[ERROR][2025-08-13 11:33:02] ...lsp/handlers.lua:562	"2025/08/13 11:33:02 signature help failed: call operand is not a func or type: *ast.Ident (make)\n\tposition=15:14\n"
[START][2025-08-13 13:02:03] LSP logging initiated
[ERROR][2025-08-13 13:02:03] ...lsp/handlers.lua:562	"TSServer exited. Code: null. Signal: SIGTERM"
[START][2025-08-13 15:26:32] LSP logging initiated
[ERROR][2025-08-13 15:26:32] ...lsp/handlers.lua:562	"TSServer exited. Code: null. Signal: SIGTERM"
[START][2025-08-13 15:26:36] LSP logging initiated
[ERROR][2025-08-13 15:26:36] ...lsp/handlers.lua:562	"TSServer exited. Code: null. Signal: SIGTERM"
[START][2025-08-13 15:43:31] LSP logging initiated
[ERROR][2025-08-13 15:43:31] ...lsp/handlers.lua:562	"TSServer exited. Code: null. Signal: SIGTERM"
[START][2025-08-13 16:25:15] LSP logging initiated
[ERROR][2025-08-13 16:25:15] ...m/lsp/client.lua:619	"LSP[gopls]"	"Cannot find request with id 267 whilst attempting to cancel"
[START][2025-08-13 18:37:14] LSP logging initiated
[ERROR][2025-08-13 18:37:14] ...lsp/handlers.lua:562	"TSServer exited. Code: null. Signal: SIGTERM"
[START][2025-08-13 18:48:31] LSP logging initiated
[ERROR][2025-08-13 18:48:31] ...lsp/handlers.lua:562	"TSServer exited. Code: null. Signal: SIGTERM"
[START][2025-08-13 20:11:46] LSP logging initiated
[ERROR][2025-08-13 20:11:46] ...lsp/handlers.lua:562	"TSServer exited. Code: null. Signal: SIGTERM"
[START][2025-08-14 08:45:21] LSP logging initiated
[ERROR][2025-08-14 08:45:21] ...lsp/handlers.lua:562	"TSServer exited. Code: null. Signal: SIGTERM"
[START][2025-08-14 09:31:38] LSP logging initiated
[ERROR][2025-08-14 09:31:38] ...lsp/handlers.lua:562	"TSServer exited. Code: null. Signal: SIGTERM"
[START][2025-08-14 10:07:28] LSP logging initiated
[ERROR][2025-08-14 10:07:28] ...lsp/handlers.lua:562	"TSServer exited. Code: null. Signal: SIGTERM"
[START][2025-08-14 23:14:19] LSP logging initiated
[ERROR][2025-08-14 23:14:19] ...m/lsp/client.lua:619	"LSP[gopls]"	"Cannot find request with id 101 whilst attempting to cancel"
[START][2025-08-14 23:32:30] LSP logging initiated
[ERROR][2025-08-14 23:32:30] ...lsp/handlers.lua:562	"2025/08/14 23:32:30 signature help failed: cannot get type for Fun *ast.Ident (require)\n\tposition=78:10\n"
[ERROR][2025-08-14 23:43:59] ...lsp/handlers.lua:562	"2025/08/14 23:43:59 signature help failed: cannot get type for Fun *ast.SelectorExpr (&{fmt Errorf})\n\tposition=7:20\n"
[ERROR][2025-08-14 23:44:02] ...lsp/handlers.lua:562	"2025/08/14 23:44:02 signature help failed: cannot get type for Fun *ast.SelectorExpr (&{fmt Errorf})\n\tposition=7:23\n"
[ERROR][2025-08-14 23:44:03] ...lsp/handlers.lua:562	"2025/08/14 23:44:03 signature help failed: cannot get type for Fun *ast.SelectorExpr (&{fmt Errorf})\n\tposition=7:24\n"
[ERROR][2025-08-14 23:45:03] ...lsp/handlers.lua:562	"2025/08/14 23:45:03 signature help failed: cannot get type for Fun *ast.SelectorExpr (&{fmt Errorf})\n\tposition=21:20\n"
[ERROR][2025-08-14 23:48:22] ...lsp/handlers.lua:562	"2025/08/14 23:48:22 no completions found: getting file file:///Users/akoffler/projects/meli/fury_cx-contact-hub-mcp/internal/adapters/http/client/cases/reopen_case.go for Completion: <nil> (package completions: invalid position for package completion: cursor in non-matching ident)\n\tposition=0:1\n"
[ERROR][2025-08-14 23:48:22] ...lsp/handlers.lua:562	"2025/08/14 23:48:22 no completions found: getting file file:///Users/akoffler/projects/meli/fury_cx-contact-hub-mcp/internal/adapters/http/client/cases/reopen_case.go for Completion: <nil> (package completions: invalid position for package completion: cursor in non-matching ident)\n\tposition=0:2\n"
[ERROR][2025-08-14 23:48:22] ...lsp/handlers.lua:562	"2025/08/14 23:48:22 no completions found: getting file file:///Users/akoffler/projects/meli/fury_cx-contact-hub-mcp/internal/adapters/http/client/cases/reopen_case.go for Completion: <nil> (package completions: invalid position for package completion: cursor in non-matching ident)\n\tposition=0:1\n"
[ERROR][2025-08-14 23:48:23] ...lsp/handlers.lua:562	"2025/08/14 23:48:23 no completions found: getting file file:///Users/akoffler/projects/meli/fury_cx-contact-hub-mcp/internal/adapters/http/client/cases/reopen_case.go for Completion: <nil> (package completions: invalid position for package completion: cursor in non-matching ident)\n\tposition=0:4\n"
[ERROR][2025-08-14 23:48:23] ...lsp/handlers.lua:562	"2025/08/14 23:48:23 no completions found: getting file file:///Users/akoffler/projects/meli/fury_cx-contact-hub-mcp/internal/adapters/http/client/cases/reopen_case.go for Completion: <nil> (package completions: invalid position for package completion: cursor in non-matching ident)\n\tposition=0:5\n"
[ERROR][2025-08-14 23:48:23] ...lsp/handlers.lua:562	"2025/08/14 23:48:23 no completions found: getting file file:///Users/akoffler/projects/meli/fury_cx-contact-hub-mcp/internal/adapters/http/client/cases/reopen_case.go for Completion: <nil> (package completions: invalid position for package completion: cursor in non-matching ident)\n\tposition=0:4\n"
[START][2025-08-15 09:17:36] LSP logging initiated
[ERROR][2025-08-15 09:17:36] ...lsp/handlers.lua:562	"2025/08/15 09:17:36 signature help failed: cannot get type for Fun *ast.SelectorExpr (&{errors New})\n\tposition=9:20\n"
[ERROR][2025-08-15 09:33:01] ...lsp/handlers.lua:562	"2025/08/15 09:33:01 signature help failed: cannot get type for Fun *ast.SelectorExpr (&{fmt Sprintf})\n\tposition=8:64\n"
[ERROR][2025-08-15 09:34:38] ...lsp/handlers.lua:562	"2025/08/15 09:34:38 signature help failed: cannot get type for Fun *ast.SelectorExpr (&{errors New})\n\tposition=24:20\n"
[ERROR][2025-08-15 09:38:13] ...lsp/handlers.lua:562	"2025/08/15 09:38:13 signature help failed: call operand is not a func or type: *ast.Ident (len)\n\tposition=25:8\n"
[ERROR][2025-08-15 09:38:24] ...lsp/handlers.lua:562	"2025/08/15 09:38:24 signature help failed: call operand is not a func or type: *ast.Ident (len)\n\tposition=25:8\n"
[ERROR][2025-08-15 10:59:27] ...lsp/handlers.lua:562	"2025/08/15 10:59:27 no completions found: getting file file:///Users/akoffler/projects/meli/fury_cx-contact-hub-mcp/internal/adapters/http/error_handler.go for Completion: <nil> (package completions: invalid position for package completion: cursor in non-matching ident)\n\tposition=0:5\n"
[ERROR][2025-08-15 10:59:27] ...lsp/handlers.lua:562	"2025/08/15 10:59:27 no completions found: getting file file:///Users/akoffler/projects/meli/fury_cx-contact-hub-mcp/internal/adapters/http/error_handler.go for Completion: <nil> (package completions: invalid position for package completion: cursor in non-matching ident)\n\tposition=0:6\n"
[ERROR][2025-08-15 11:13:44] ...lsp/handlers.lua:562	"2025/08/15 11:13:44 signature help failed: cannot get type for Fun *ast.SelectorExpr (&{fmt Sprintf})\n\tposition=21:79\n"
[ERROR][2025-08-15 11:13:44] ...lsp/handlers.lua:562	"2025/08/15 11:13:44 signature help failed: cannot get type for Fun *ast.SelectorExpr (&{fmt Sprintf})\n\tposition=21:80\n"
[ERROR][2025-08-15 11:36:55] ...lsp/handlers.lua:562	"2025/08/15 11:36:55 signature help failed: cannot get type for Fun *ast.SelectorExpr (&{errors New})\n\tposition=80:98\n"
[ERROR][2025-08-15 11:44:27] ...lsp/handlers.lua:562	"2025/08/15 11:44:27 signature help failed: cannot get type for Fun *ast.SelectorExpr (&{errors New})\n\tposition=78:98\n"
[ERROR][2025-08-15 11:44:28] ...lsp/handlers.lua:562	"2025/08/15 11:44:28 signature help failed: cannot get type for Fun *ast.SelectorExpr (&{errors New})\n\tposition=78:99\n"
[ERROR][2025-08-15 11:44:28] ...lsp/handlers.lua:562	"2025/08/15 11:44:28 signature help failed: cannot get type for Fun *ast.SelectorExpr (&{errors New})\n\tposition=78:98\n"
[ERROR][2025-08-15 11:57:00] ...m/lsp/client.lua:619	"LSP[gopls]"	"Cannot find request with id 8717 whilst attempting to cancel"
[ERROR][2025-08-15 12:01:19] ...lsp/handlers.lua:562	"2025/08/15 12:01:19 signature help failed: cannot get type for Fun *ast.SelectorExpr (&{fmt Println})\n\tposition=16:15\n"
[ERROR][2025-08-15 12:01:21] ...lsp/handlers.lua:562	"2025/08/15 12:01:21 signature help failed: cannot get type for Fun *ast.SelectorExpr (&{fmt Println})\n\tposition=16:15\n"
[ERROR][2025-08-15 12:01:25] ...lsp/handlers.lua:562	"2025/08/15 12:01:25 signature help failed: cannot get type for Fun *ast.SelectorExpr (&{fmt Println})\n\tposition=16:36\n"
[ERROR][2025-08-15 12:01:25] ...lsp/handlers.lua:562	"2025/08/15 12:01:25 signature help failed: cannot get type for Fun *ast.SelectorExpr (&{fmt Println})\n\tposition=16:37\n"
[ERROR][2025-08-15 12:10:22] ...lsp/handlers.lua:562	"2025/08/15 12:10:22 signature help failed: call operand is not a func or type: *ast.SelectorExpr (&{args CaseID})\n\tposition=51:77\n"
[ERROR][2025-08-15 12:13:22] ...lsp/handlers.lua:562	"2025/08/15 12:13:22 signature help failed: call operand is not a func or type: *ast.SelectorExpr (&{expectedInput CaseID})\n\tposition=53:82\n"
[ERROR][2025-08-15 12:14:39] ...lsp/handlers.lua:562	"2025/08/15 12:14:39 signature help failed: call operand is not a func or type: *ast.SelectorExpr (&{args CaseID})\n\tposition=77:73\n"
[START][2025-08-15 12:54:57] LSP logging initiated
[ERROR][2025-08-15 12:54:57] ...lsp/handlers.lua:562	"2025/08/15 12:54:57 signature help failed: call operand is not a func or type: *ast.CallExpr (&{0x14018048a08 11542972 [0x14018048a20 httpClient 0x1400d9a92c0] 0 11543022})\n\tposition=236:87\n"
[ERROR][2025-08-15 12:54:58] ...lsp/handlers.lua:562	"2025/08/15 12:54:58 signature help failed: call operand is not a func or type: *ast.CallExpr (&{0x14018048a08 11542972 [0x14018048a20 httpClient 0x1400d9a92c0] 0 11543022})\n\tposition=236:87\n"
[ERROR][2025-08-15 13:04:57] ...lsp/handlers.lua:562	"2025/08/15 13:04:57 no completions found: getting file file:///Users/akoffler/projects/meli/fury_cx-contact-hub-mcp/internal/adapters/http/client/chub/chub_test.go for Completion: <nil> (package completions: invalid position for package completion: cursor after expression)\n\tposition=0:13\n"
[ERROR][2025-08-15 16:39:03] ...lsp/handlers.lua:562	"2025/08/15 16:39:03 signature help failed: cannot get type for Fun *ast.SelectorExpr (&{api HandleERror})\n\tposition=14:54\n"
[START][2025-08-19 11:24:43] LSP logging initiated
[ERROR][2025-08-19 11:24:43] ...lsp/handlers.lua:562	"2025/08/19 11:24:43 no completions found: getting file file:///Users/akoffler/projects/meli/fury_cx-contact-hub-mcp/cmd/fury-catalog-converter/main.go for Completion: <nil> (package completions: invalid position for package completion: cursor in non-matching ident)\n\tposition=0:3\n"
[ERROR][2025-08-19 11:24:43] ...lsp/handlers.lua:562	"2025/08/19 11:24:43 no completions found: getting file file:///Users/akoffler/projects/meli/fury_cx-contact-hub-mcp/cmd/fury-catalog-converter/main.go for Completion: <nil> (package completions: invalid position for package completion: cursor in non-matching ident)\n\tposition=0:4\n"
[ERROR][2025-08-19 11:24:44] ...lsp/handlers.lua:562	"2025/08/19 11:24:44 no completions found: getting file file:///Users/akoffler/projects/meli/fury_cx-contact-hub-mcp/cmd/fury-catalog-converter/main.go for Completion: <nil> (package completions: invalid position for package completion: cursor in non-matching ident)\n\tposition=0:3\n"
[ERROR][2025-08-19 11:24:44] ...lsp/handlers.lua:562	"2025/08/19 11:24:44 no completions found: getting file file:///Users/akoffler/projects/meli/fury_cx-contact-hub-mcp/cmd/fury-catalog-converter/main.go for Completion: <nil> (package completions: invalid position for package completion: cursor in non-matching ident)\n\tposition=0:4\n"
[ERROR][2025-08-19 11:24:44] ...lsp/handlers.lua:562	"2025/08/19 11:24:44 no completions found: getting file file:///Users/akoffler/projects/meli/fury_cx-contact-hub-mcp/cmd/fury-catalog-converter/main.go for Completion: <nil> (package completions: invalid position for package completion: cursor in non-matching ident)\n\tposition=0:3\n"
[START][2025-08-19 11:34:07] LSP logging initiated
[ERROR][2025-08-19 11:34:07] ...lsp/handlers.lua:562	"2025/08/19 11:34:07 no completions found: getting file file:///Users/akoffler/projects/meli/fury_cx-contact-hub-mcp/cmd/fury-catalog-converter/main.go for Completion: context canceled (package completions: context canceled)\n\tposition=9:12\n"
[START][2025-08-19 19:03:40] LSP logging initiated
[ERROR][2025-08-19 19:03:40] ...lsp/handlers.lua:562	"TSServer exited. Code: null. Signal: SIGTERM"
[START][2025-08-20 12:54:56] LSP logging initiated
[ERROR][2025-08-20 12:54:56] ...lsp/handlers.lua:562	"2025/08/20 12:54:56 signature help failed: cannot get type for Fun *ast.SelectorExpr (&{director NewClient})\n\tposition=15:35\n"
[START][2025-08-20 12:58:34] LSP logging initiated
[ERROR][2025-08-20 12:58:34] ...lsp/handlers.lua:562	"2025/08/20 12:58:34 signature help failed: cannot get type for Fun *ast.SelectorExpr (&{director NewDirectorClient})\n\tposition=14:43\n"
[ERROR][2025-08-20 13:00:43] ...lsp/handlers.lua:562	"2025/08/20 13:00:43 signature help failed: cannot get type for Fun *ast.SelectorExpr (&{director NewClient})\n\tposition=9:35\n"
[ERROR][2025-08-20 13:00:43] ...lsp/handlers.lua:562	"2025/08/20 13:00:43 signature help failed: cannot get type for Fun *ast.SelectorExpr (&{director NewClient})\n\tposition=9:35\n"
[ERROR][2025-08-20 13:00:47] ...lsp/handlers.lua:562	"2025/08/20 13:00:47 signature help failed: cannot get type for Fun *ast.SelectorExpr (&{director NewDirectorClient})\n\tposition=13:43\n"
[ERROR][2025-08-20 13:00:53] ...lsp/handlers.lua:562	"2025/08/20 13:00:53 signature help failed: cannot get type for Fun *ast.SelectorExpr (&{director NewClient})\n\tposition=9:35\n"
[ERROR][2025-08-20 13:00:57] ...lsp/handlers.lua:562	'2025/08/20 13:00:57 go/packages.Load #31: err: exit status 1: stderr: go: updates to go.mod needed; to update it:\n\tgo mod tidy\n\n\tview_id="1"\n\tsnapshot=147\n\tdirectory=/Users/akoffler/projects/meli/fury_crm-workunit-workflow\n\tquery=[github.com/melisource/fury_crm-workunit-workflow/internal/adapters/director]\n\tpackages=0\n\tduration=71.619041ms\n'
[ERROR][2025-08-20 13:00:57] ...lsp/handlers.lua:562	'2025/08/20 13:00:57 reloading workspace: packages.Load error: err: exit status 1: stderr: go: updates to go.mod needed; to update it:\n\tgo mod tidy\n\n\tview_id="1"\n\tsnapshot=147\n\tdirectory=/Users/akoffler/projects/meli/fury_crm-workunit-workflow\n'
[START][2025-08-20 14:18:20] LSP logging initiated
[ERROR][2025-08-20 14:18:20] ...lsp/handlers.lua:562	"2025/08/20 14:18:20 signature help failed: cannot get type for Fun *ast.SelectorExpr (&{mid GenerateMetric})\n\tposition=18:70\n"
[ERROR][2025-08-20 14:23:37] ...lsp/handlers.lua:562	"2025/08/20 14:23:37 signature help failed: cannot get type for Fun *ast.SelectorExpr (&{0x14015eef140 StartWorkflow})\n\tposition=29:44\n"
[ERROR][2025-08-20 14:27:30] ...lsp/handlers.lua:562	'2025/08/20 14:27:30 go/packages.Load #15: err: exit status 1: stderr: go: updates to go.mod needed; to update it:\n\tgo mod tidy\n\n\tview_id="1"\n\tsnapshot=959\n\tdirectory=/Users/akoffler/projects/meli/fury_crm-workunit-workflow\n\tquery=[github.com/melisource/fury_crm-workunit-workflow/internal/adapters/http/handlers/workflow]\n\tpackages=0\n\tduration=67.566666ms\n'
[ERROR][2025-08-20 14:27:30] ...lsp/handlers.lua:562	'2025/08/20 14:27:30 reloading workspace: packages.Load error: err: exit status 1: stderr: go: updates to go.mod needed; to update it:\n\tgo mod tidy\n\n\tview_id="1"\n\tsnapshot=959\n\tdirectory=/Users/akoffler/projects/meli/fury_crm-workunit-workflow\n'
[ERROR][2025-08-20 14:40:02] ...lsp/handlers.lua:562	"2025/08/20 14:40:02 signature help failed: cannot get type for Fun *ast.SelectorExpr (&{fmt Errorf})\n\tposition=32:21\n"
[ERROR][2025-08-20 16:05:42] ...lsp/handlers.lua:562	"2025/08/20 16:05:42 signature help failed: cannot get type for Fun *ast.SelectorExpr (&{fmt Errorf})\n\tposition=26:43\n"
[ERROR][2025-08-20 16:05:44] ...lsp/handlers.lua:562	"2025/08/20 16:05:44 signature help failed: cannot get type for Fun *ast.SelectorExpr (&{fmt Errorf})\n\tposition=26:43\n"
[ERROR][2025-08-20 16:05:46] ...lsp/handlers.lua:562	"2025/08/20 16:05:46 signature help failed: cannot get type for Fun *ast.SelectorExpr (&{fmt Errorf})\n\tposition=26:48\n"
[ERROR][2025-08-20 16:05:46] ...lsp/handlers.lua:562	"2025/08/20 16:05:46 signature help failed: cannot get type for Fun *ast.SelectorExpr (&{fmt Errorf})\n\tposition=26:49\n"
[ERROR][2025-08-20 16:05:48] ...lsp/handlers.lua:562	"2025/08/20 16:05:48 signature help failed: cannot get type for Fun *ast.SelectorExpr (&{fmt Errorf})\n\tposition=26:53\n"
[ERROR][2025-08-20 16:05:48] ...lsp/handlers.lua:562	"2025/08/20 16:05:48 signature help failed: cannot get type for Fun *ast.SelectorExpr (&{fmt Errorf})\n\tposition=26:54\n"
[ERROR][2025-08-20 23:33:08] ...lsp/handlers.lua:562	"2025/08/20 23:33:08 signature help failed: cannot get type for Fun *ast.SelectorExpr (&{orchestrator New})\n\tposition=19:25\n"
[ERROR][2025-08-20 23:33:09] ...lsp/handlers.lua:562	"2025/08/20 23:33:09 signature help failed: cannot get type for Fun *ast.SelectorExpr (&{orchestrator New})\n\tposition=19:28\n"
[ERROR][2025-08-20 23:33:09] ...lsp/handlers.lua:562	"2025/08/20 23:33:09 signature help failed: cannot get type for Fun *ast.SelectorExpr (&{orchestrator New})\n\tposition=19:29\n"
[ERROR][2025-08-20 23:33:11] ...lsp/handlers.lua:562	"2025/08/20 23:33:11 signature help failed: cannot get type for Fun *ast.SelectorExpr (&{orchestrator New})\n\tposition=19:44\n"
[ERROR][2025-08-20 23:33:12] ...lsp/handlers.lua:562	"2025/08/20 23:33:12 signature help failed: cannot get type for Fun *ast.SelectorExpr (&{orchestrator New})\n\tposition=19:45\n"
[ERROR][2025-08-20 23:33:14] ...lsp/handlers.lua:562	"2025/08/20 23:33:14 signature help failed: cannot get type for Fun *ast.SelectorExpr (&{orchestrator New})\n\tposition=19:60\n"
[ERROR][2025-08-20 23:33:14] ...lsp/handlers.lua:562	"2025/08/20 23:33:14 signature help failed: cannot get type for Fun *ast.SelectorExpr (&{orchestrator New})\n\tposition=19:61\n"
[ERROR][2025-08-20 23:33:16] ...lsp/handlers.lua:562	"2025/08/20 23:33:16 signature help failed: cannot get type for Fun *ast.SelectorExpr (&{orchestrator New})\n\tposition=19:75\n"
[ERROR][2025-08-20 23:33:16] ...lsp/handlers.lua:562	"2025/08/20 23:33:16 signature help failed: cannot get type for Fun *ast.SelectorExpr (&{orchestrator New})\n\tposition=19:76\n"
[START][2025-08-21 14:25:05] LSP logging initiated
[ERROR][2025-08-21 14:25:05] ...lsp/handlers.lua:562	"2025/08/21 14:25:05 warning: while diagnosing orphaned files: session is shut down\n"
[START][2025-08-21 14:31:07] LSP logging initiated
[ERROR][2025-08-21 14:31:07] ...lsp/handlers.lua:562	"2025/08/21 14:31:07 signature help failed: cannot get type for Fun *ast.Ident (pani)\n\tposition=27:6\n"
[ERROR][2025-08-21 14:31:08] ...lsp/handlers.lua:562	"2025/08/21 14:31:08 signature help failed: call operand is not a func or type: *ast.Ident (panic)\n\tposition=27:7\n"
[START][2025-08-21 15:28:58] LSP logging initiated
[ERROR][2025-08-21 15:28:58] ...lsp/handlers.lua:562	"2025/08/21 15:28:58 signature help failed: cannot get type for Fun *ast.SelectorExpr (&{time Sleep})\n\tposition=8:12\n"
[ERROR][2025-08-21 15:29:39] ...lsp/handlers.lua:562	"2025/08/21 15:29:39 signature help failed: cannot get type for Fun *ast.SelectorExpr (&{log Fatalf})\n\tposition=12:13\n"
[ERROR][2025-08-21 15:29:45] ...lsp/handlers.lua:562	"2025/08/21 15:29:45 signature help failed: cannot get type for Fun *ast.SelectorExpr (&{log Fatalf})\n\tposition=12:44\n"
[ERROR][2025-08-21 15:29:45] ...lsp/handlers.lua:562	"2025/08/21 15:29:45 signature help failed: cannot get type for Fun *ast.SelectorExpr (&{log Fatalf})\n\tposition=12:45\n"
[ERROR][2025-08-21 15:29:47] ...lsp/handlers.lua:562	"2025/08/21 15:29:47 signature help failed: cannot get type for Fun *ast.SelectorExpr (&{log Fatalf})\n\tposition=12:45\n"
[ERROR][2025-08-21 15:29:48] ...lsp/handlers.lua:562	"2025/08/21 15:29:48 signature help failed: cannot get type for Fun *ast.SelectorExpr (&{log Fatalf})\n\tposition=12:49\n"
[ERROR][2025-08-21 15:29:48] ...lsp/handlers.lua:562	"2025/08/21 15:29:48 signature help failed: cannot get type for Fun *ast.SelectorExpr (&{log Fatalf})\n\tposition=12:50\n"
[ERROR][2025-08-21 15:34:14] ...lsp/handlers.lua:562	"2025/08/21 15:34:14 signature help failed: cannot get type for Fun *ast.SelectorExpr (&{os Exit})\n\tposition=44:9\n"
[ERROR][2025-08-21 15:37:50] ...lsp/handlers.lua:562	"2025/08/21 15:37:50 signature help failed: call operand is not a func or type: *ast.Ident (len)\n\tposition=14:8\n"
[ERROR][2025-08-21 15:37:51] ...lsp/handlers.lua:562	"2025/08/21 15:37:51 signature help failed: call operand is not a func or type: *ast.Ident (len)\n\tposition=14:8\n"
[ERROR][2025-08-21 15:39:09] ...lsp/handlers.lua:562	"2025/08/21 15:39:09 signature help failed: call operand is not a func or type: *ast.Ident (len)\n\tposition=17:10\n"
[ERROR][2025-08-21 15:39:59] ...lsp/handlers.lua:562	"2025/08/21 15:39:59 signature help failed: cannot get type for Fun *ast.Ident (getRemoteServerTools)\n\tposition=18:23\n"
[ERROR][2025-08-21 15:46:36] ...lsp/handlers.lua:562	"2025/08/21 15:46:36 signature help failed: cannot get type for Fun *ast.SelectorExpr (&{fmt Fprintf})\n\tposition=29:13\n"
[ERROR][2025-08-21 15:46:38] ...lsp/handlers.lua:562	"2025/08/21 15:46:38 signature help failed: cannot get type for Fun *ast.SelectorExpr (&{fmt Fprintf})\n\tposition=29:13\n"
[ERROR][2025-08-21 15:46:42] ...lsp/handlers.lua:562	"2025/08/21 15:46:42 signature help failed: cannot get type for Fun *ast.SelectorExpr (&{fmt Fprintf})\n\tposition=29:13\n"
[START][2025-08-21 16:45:05] LSP logging initiated
[ERROR][2025-08-21 16:45:05] ...lsp/handlers.lua:562	"2025/08/21 16:45:05 signature help failed: call operand is not a func or type: *ast.Ident (len)\n\tposition=26:10\n"
[ERROR][2025-08-21 16:45:31] ...lsp/handlers.lua:562	"2025/08/21 16:45:31 signature help failed: call operand is not a func or type: *ast.Ident (len)\n\tposition=25:8\n"
[ERROR][2025-08-21 16:45:44] ...lsp/handlers.lua:562	"2025/08/21 16:45:44 signature help failed: call operand is not a func or type: *ast.Ident (len)\n\tposition=29:10\n"
[ERROR][2025-08-21 16:51:18] ...lsp/handlers.lua:562	"2025/08/21 16:51:18 signature help failed: call operand is not a func or type: *ast.Ident (len)\n\tposition=26:8\n"
[ERROR][2025-08-21 16:51:39] ...lsp/handlers.lua:562	"2025/08/21 16:51:39 signature help failed: call operand is not a func or type: *ast.Ident (len)\n\tposition=27:10\n"
[ERROR][2025-08-21 16:51:50] ...lsp/handlers.lua:562	"2025/08/21 16:51:50 signature help failed: call operand is not a func or type: *ast.Ident (len)\n\tposition=26:12\n"
[START][2025-08-21 17:41:08] LSP logging initiated
[ERROR][2025-08-21 17:41:08] ...lsp/handlers.lua:562	"TSServer exited. Code: null. Signal: SIGTERM"
[START][2025-08-21 17:41:34] LSP logging initiated
[ERROR][2025-08-21 17:41:34] ...lsp/handlers.lua:562	"TSServer exited. Code: null. Signal: SIGTERM"
[START][2025-08-21 19:45:08] LSP logging initiated
[ERROR][2025-08-21 19:45:08] ...lsp/handlers.lua:562	"TSServer exited. Code: null. Signal: SIGTERM"
[START][2025-08-21 19:47:14] LSP logging initiated
[ERROR][2025-08-21 19:47:14] ...lsp/handlers.lua:562	"TSServer exited. Code: null. Signal: SIGTERM"
[START][2025-08-22 15:50:55] LSP logging initiated
[ERROR][2025-08-22 15:50:55] ...lsp/handlers.lua:562	"TSServer exited. Code: null. Signal: SIGTERM"
[START][2025-08-22 15:52:45] LSP logging initiated
[ERROR][2025-08-22 15:52:45] ...lsp/handlers.lua:562	"TSServer exited. Code: null. Signal: SIGTERM"
[START][2025-08-22 17:52:49] LSP logging initiated
[ERROR][2025-08-22 17:52:49] ...lsp/handlers.lua:562	"TSServer exited. Code: null. Signal: SIGTERM"
[START][2025-08-22 19:05:49] LSP logging initiated
[ERROR][2025-08-22 19:05:49] ...lsp/handlers.lua:562	"TSServer exited. Code: null. Signal: SIGTERM"
[START][2025-08-22 19:28:37] LSP logging initiated
[ERROR][2025-08-22 19:28:37] ...lsp/handlers.lua:562	"TSServer exited. Code: null. Signal: SIGTERM"
[START][2025-08-23 14:50:25] LSP logging initiated
[ERROR][2025-08-23 14:50:25] ...lsp/handlers.lua:562	"TSServer exited. Code: null. Signal: SIGTERM"
[START][2025-08-23 14:59:06] LSP logging initiated
[ERROR][2025-08-23 14:59:06] ...lsp/handlers.lua:562	"TSServer exited. Code: null. Signal: SIGTERM"
[START][2025-08-23 15:12:14] LSP logging initiated
[ERROR][2025-08-23 15:12:14] ...lsp/handlers.lua:562	"TSServer exited. Code: null. Signal: SIGTERM"
[START][2025-08-23 15:12:38] LSP logging initiated
[ERROR][2025-08-23 15:12:38] ...lsp/handlers.lua:562	"TSServer exited. Code: null. Signal: SIGTERM"
[START][2025-08-23 15:40:38] LSP logging initiated
[ERROR][2025-08-23 15:40:38] ...lsp/handlers.lua:562	"TSServer exited. Code: null. Signal: SIGTERM"
[START][2025-08-23 16:05:15] LSP logging initiated
[ERROR][2025-08-23 16:05:15] ...lsp/handlers.lua:562	"TSServer exited. Code: null. Signal: SIGTERM"
[START][2025-08-26 23:44:17] LSP logging initiated
[ERROR][2025-08-26 23:44:17] ...lsp/handlers.lua:562	"2025/08/26 23:44:17 signature help failed: cannot get type for Fun *ast.Ident (isValidAckType)\n\tposition=43:21\n"
[ERROR][2025-08-26 23:49:40] ...lsp/handlers.lua:562	"2025/08/26 23:49:40 signature help failed: cannot get type for Fun *ast.Ident (hasInvalidErrorCode)\n\tposition=53:26\n"
[START][2025-08-27 17:06:43] LSP logging initiated
[ERROR][2025-08-27 17:06:43] ...m/lsp/client.lua:619	"LSP[gopls]"	"Cannot find request with id 446 whilst attempting to cancel"
[START][2025-08-28 17:30:31] LSP logging initiated
[ERROR][2025-08-28 17:30:31] ...lsp/handlers.lua:562	"2025/08/28 17:30:31 signature help failed: call operand is not a func or type: *ast.Ident (len)\n\tposition=67:8\n"
[START][2025-09-01 16:31:57] LSP logging initiated
[ERROR][2025-09-01 16:31:57] ...lsp/handlers.lua:562	"2025/09/01 16:31:57 signature help failed: cannot get type for Fun *ast.SelectorExpr (&{slices Contains})\n\tposition=83:24\n"
[ERROR][2025-09-01 16:32:03] ...lsp/handlers.lua:562	"2025/09/01 16:32:03 signature help failed: cannot get type for Fun *ast.SelectorExpr (&{slices Contains})\n\tposition=83:29\n"
[ERROR][2025-09-01 16:32:03] ...lsp/handlers.lua:562	"2025/09/01 16:32:03 signature help failed: cannot get type for Fun *ast.SelectorExpr (&{slices Contains})\n\tposition=83:30\n"
[ERROR][2025-09-01 16:32:24] ...m/lsp/client.lua:619	"LSP[gopls]"	"Cannot find request with id 530 whilst attempting to cancel"
[ERROR][2025-09-01 16:51:00] ...lsp/handlers.lua:562	"2025/09/01 16:51:00 signature help failed: cannot get type for Fun *ast.SelectorExpr (&{slices Contains})\n\tposition=15:24\n"
[ERROR][2025-09-01 16:51:04] ...lsp/handlers.lua:562	"2025/09/01 16:51:04 signature help failed: cannot get type for Fun *ast.SelectorExpr (&{slices Contains})\n\tposition=15:37\n"
[ERROR][2025-09-01 16:51:04] ...lsp/handlers.lua:562	"2025/09/01 16:51:04 signature help failed: cannot get type for Fun *ast.SelectorExpr (&{slices Contains})\n\tposition=15:38\n"
[ERROR][2025-09-01 17:11:09] ...lsp/handlers.lua:562	"2025/09/01 17:11:09 signature help failed: cannot get type for Fun *ast.SelectorExpr (&{err Error})\n\tposition=107:37\n"
[ERROR][2025-09-01 17:14:02] ...lsp/handlers.lua:562	"2025/09/01 17:14:02 signature help failed: cannot get type for Fun *ast.SelectorExpr (&{err Error})\n\tposition=107:37\n"
[ERROR][2025-09-01 17:14:41] ...lsp/handlers.lua:562	"2025/09/01 17:14:41 signature help failed: cannot get type for Fun *ast.SelectorExpr (&{errors New})\n\tposition=33:20\n"
[ERROR][2025-09-01 17:14:42] ...lsp/handlers.lua:562	"2025/09/01 17:14:42 signature help failed: cannot get type for Fun *ast.SelectorExpr (&{errors New})\n\tposition=33:20\n"
[START][2025-09-05 09:49:48] LSP logging initiated
[ERROR][2025-09-05 09:49:48] ...p/_transport.lua:36	"rpc"	"vtsls"	"stderr"	"env: node: No such file or directory\n"
[START][2025-09-09 18:57:48] LSP logging initiated
[ERROR][2025-09-09 18:57:48] ...p/_transport.lua:36	"rpc"	"vtsls"	"stderr"	"env: node"
[ERROR][2025-09-09 18:57:48] ...p/_transport.lua:36	"rpc"	"vtsls"	"stderr"	": No such file or directory\n"
[ERROR][2025-09-09 18:59:08] ...p/_transport.lua:36	"rpc"	"vtsls"	"stderr"	"env: "
[ERROR][2025-09-09 18:59:08] ...p/_transport.lua:36	"rpc"	"vtsls"	"stderr"	"node: No such file or directory\n"
[ERROR][2025-09-09 18:59:11] ...p/_transport.lua:36	"rpc"	"vtsls"	"stderr"	"env: "
[ERROR][2025-09-09 18:59:11] ...p/_transport.lua:36	"rpc"	"vtsls"	"stderr"	"node: No such file or directory\n"
[ERROR][2025-09-09 18:59:59] ...p/_transport.lua:36	"rpc"	"vtsls"	"stderr"	"env: node: No such file or directory\n"
[ERROR][2025-09-09 19:05:30] ...p/_transport.lua:36	"rpc"	"vtsls"	"stderr"	"env: node"
[ERROR][2025-09-09 19:05:30] ...p/_transport.lua:36	"rpc"	"vtsls"	"stderr"	": No such file or directory\n"
[ERROR][2025-09-09 19:10:51] ...p/_transport.lua:36	"rpc"	"vtsls"	"stderr"	"env: "
[ERROR][2025-09-09 19:10:51] ...p/_transport.lua:36	"rpc"	"vtsls"	"stderr"	"node: No such file or directory\n"
[START][2025-09-09 19:13:11] LSP logging initiated
[ERROR][2025-09-09 19:13:11] ...p/_transport.lua:36	"rpc"	"vtsls"	"stderr"	"env: "
[ERROR][2025-09-09 19:13:11] ...p/_transport.lua:36	"rpc"	"vtsls"	"stderr"	"node: No such file or directory\n"
[ERROR][2025-09-09 19:19:00] ...p/_transport.lua:36	"rpc"	"vtsls"	"stderr"	"env: node"
[ERROR][2025-09-09 19:19:00] ...p/_transport.lua:36	"rpc"	"vtsls"	"stderr"	": No such file or directory\n"
[ERROR][2025-09-09 19:19:42] ...p/_transport.lua:36	"rpc"	"vtsls"	"stderr"	"env: "
[ERROR][2025-09-09 19:19:42] ...p/_transport.lua:36	"rpc"	"vtsls"	"stderr"	"node: No such file or directory\n"
[ERROR][2025-09-09 19:19:49] ...p/_transport.lua:36	"rpc"	"vtsls"	"stderr"	"env: node"
[ERROR][2025-09-09 19:19:49] ...p/_transport.lua:36	"rpc"	"vtsls"	"stderr"	": No such file or directory\n"
[ERROR][2025-09-09 19:19:49] ...p/_transport.lua:36	"rpc"	"vtsls"	"stderr"	"env: "
[ERROR][2025-09-09 19:19:49] ...p/_transport.lua:36	"rpc"	"vtsls"	"stderr"	"node: No such file or directory\n"
[ERROR][2025-09-09 19:19:49] ...p/_transport.lua:36	"rpc"	"vtsls"	"stderr"	"env: node: "
[ERROR][2025-09-09 19:19:49] ...p/_transport.lua:36	"rpc"	"vtsls"	"stderr"	"No such file or directory\n"
[START][2025-09-17 16:24:37] LSP logging initiated
[ERROR][2025-09-17 16:24:37] ...lsp/handlers.lua:562	"TSServer exited. Code: null. Signal: SIGTERM"
[START][2025-09-17 16:29:53] LSP logging initiated
[ERROR][2025-09-17 16:29:53] ...lsp/handlers.lua:562	"2025/09/17 16:29:53 signature help failed: cannot get type for Fun *ast.SelectorExpr (&{log Strign})\n\tposition=67:32\n"
[ERROR][2025-09-17 16:29:54] ...lsp/handlers.lua:562	"2025/09/17 16:29:54 signature help failed: cannot get type for Fun *ast.SelectorExpr (&{log Strign})\n\tposition=67:32\n"
[START][2025-09-17 16:43:39] LSP logging initiated
[ERROR][2025-09-17 16:43:39] ...lsp/handlers.lua:562	"2025/09/17 16:43:39 signature help failed: cannot get type for Fun *ast.SelectorExpr (&{log Info})\n\tposition=14:12\n"
[ERROR][2025-09-17 16:43:56] ...lsp/handlers.lua:562	"2025/09/17 16:43:56 signature help failed: cannot get type for Fun *ast.SelectorExpr (&{log Error})\n\tposition=15:14\n"
[ERROR][2025-09-17 16:43:57] ...lsp/handlers.lua:562	"2025/09/17 16:43:57 signature help failed: cannot get type for Fun *ast.SelectorExpr (&{log Error})\n\tposition=15:18\n"
[ERROR][2025-09-17 16:43:57] ...lsp/handlers.lua:562	"2025/09/17 16:43:57 signature help failed: cannot get type for Fun *ast.SelectorExpr (&{log Error})\n\tposition=15:19\n"
[ERROR][2025-09-17 16:44:05] ...lsp/handlers.lua:562	"2025/09/17 16:44:05 signature help failed: cannot get type for Fun *ast.SelectorExpr (&{log Error})\n\tposition=16:15\n"
[ERROR][2025-09-17 16:44:05] ...lsp/handlers.lua:562	"2025/09/17 16:44:05 signature help failed: cannot get type for Fun *ast.SelectorExpr (&{log Error})\n\tposition=16:16\n"
[ERROR][2025-09-17 16:44:07] ...lsp/handlers.lua:562	"2025/09/17 16:44:07 signature help failed: cannot get type for Fun *ast.SelectorExpr (&{log Error})\n\tposition=15:19\n"
[ERROR][2025-09-17 16:44:12] ...lsp/handlers.lua:562	"2025/09/17 16:44:12 signature help failed: cannot get type for Fun *ast.SelectorExpr (&{log Error})\n\tposition=15:19\n"
[ERROR][2025-09-17 16:44:25] ...lsp/handlers.lua:562	"2025/09/17 16:44:25 signature help failed: cannot get type for Fun *ast.SelectorExpr (&{log Info})\n\tposition=19:12\n"
[ERROR][2025-09-17 16:44:26] ...lsp/handlers.lua:562	"2025/09/17 16:44:26 signature help failed: cannot get type for Fun *ast.SelectorExpr (&{log Info})\n\tposition=19:16\n"
[ERROR][2025-09-17 16:44:27] ...lsp/handlers.lua:562	"2025/09/17 16:44:27 signature help failed: cannot get type for Fun *ast.SelectorExpr (&{log Info})\n\tposition=19:16\n"
[ERROR][2025-09-17 16:44:27] ...lsp/handlers.lua:562	"2025/09/17 16:44:27 signature help failed: cannot get type for Fun *ast.SelectorExpr (&{log Info})\n\tposition=19:17\n"
[ERROR][2025-09-17 16:46:20] ...lsp/handlers.lua:562	"2025/09/17 16:46:20 signature help failed: cannot get type for Fun *ast.SelectorExpr (&{log With})\n\tposition=26:16\n"
[ERROR][2025-09-17 16:46:21] ...lsp/handlers.lua:562	"2025/09/17 16:46:21 signature help failed: cannot get type for Fun *ast.SelectorExpr (&{log With})\n\tposition=26:20\n"
[ERROR][2025-09-17 16:46:21] ...lsp/handlers.lua:562	"2025/09/17 16:46:21 signature help failed: cannot get type for Fun *ast.SelectorExpr (&{log With})\n\tposition=26:21\n"
[ERROR][2025-09-17 16:46:22] ...lsp/handlers.lua:562	"2025/09/17 16:46:22 signature help failed: cannot get type for Fun *ast.SelectorExpr (&{log With})\n\tposition=26:21\n"
[ERROR][2025-09-17 16:46:23] ...lsp/handlers.lua:562	"2025/09/17 16:46:23 signature help failed: cannot get type for Fun *ast.SelectorExpr (&{log With})\n\tposition=26:21\n"
[ERROR][2025-09-17 16:46:25] ...lsp/handlers.lua:562	"2025/09/17 16:46:25 signature help failed: cannot get type for Fun *ast.SelectorExpr (&{log String})\n\tposition=26:32\n"
[ERROR][2025-09-17 16:46:31] ...lsp/handlers.lua:562	"2025/09/17 16:46:31 signature help failed: cannot get type for Fun *ast.SelectorExpr (&{log String})\n\tposition=26:40\n"
[ERROR][2025-09-17 16:46:31] ...lsp/handlers.lua:562	"2025/09/17 16:46:31 signature help failed: cannot get type for Fun *ast.SelectorExpr (&{log String})\n\tposition=26:41\n"
[START][2025-09-18 14:32:30] LSP logging initiated
[ERROR][2025-09-18 14:32:30] ...lsp/handlers.lua:562	"2025/09/18 14:32:30 signature help failed: cannot get type for Fun *ast.SelectorExpr (&{errors New})\n\tposition=18:35\n"
[ERROR][2025-09-18 14:32:48] ...lsp/handlers.lua:562	"2025/09/18 14:32:48 signature help failed: cannot get type for Fun *ast.SelectorExpr (&{fmt Errorf})\n\tposition=32:20\n"
[ERROR][2025-09-18 14:32:49] ...lsp/handlers.lua:562	"2025/09/18 14:32:49 signature help failed: cannot get type for Fun *ast.SelectorExpr (&{fmt Errorf})\n\tposition=32:21\n"
[ERROR][2025-09-18 14:32:49] ...lsp/handlers.lua:562	"2025/09/18 14:32:49 signature help failed: cannot get type for Fun *ast.SelectorExpr (&{fmt Errorf})\n\tposition=32:21\n"
[ERROR][2025-09-18 14:32:49] ...lsp/handlers.lua:562	"2025/09/18 14:32:49 signature help failed: cannot get type for Fun *ast.SelectorExpr (&{fmt Errorf})\n\tposition=32:20\n"
[ERROR][2025-09-18 14:32:56] ...lsp/handlers.lua:562	"2025/09/18 14:32:56 signature help failed: cannot get type for Fun *ast.SelectorExpr (&{fmt Errorf})\n\tposition=32:52\n"
[ERROR][2025-09-18 14:32:57] ...lsp/handlers.lua:562	"2025/09/18 14:32:57 signature help failed: cannot get type for Fun *ast.SelectorExpr (&{fmt Errorf})\n\tposition=32:53\n"
[START][2025-09-18 15:30:08] LSP logging initiated
[ERROR][2025-09-18 15:30:08] ...lsp/handlers.lua:562	"2025/09/18 15:30:08 signature help failed: cannot get type for Fun *ast.SelectorExpr (&{jsonschema Reflect})\n\tposition=17:20\n"
[ERROR][2025-09-18 15:31:04] ...lsp/handlers.lua:562	"2025/09/18 15:31:04 signature help failed: cannot get type for Fun *ast.SelectorExpr (&{fmt Println})\n\tposition=21:13\n"
[START][2025-09-18 16:09:41] LSP logging initiated
[ERROR][2025-09-18 16:09:41] ...lsp/handlers.lua:562	"2025/09/18 16:09:41 no completions found: getting file file:///Users/akoffler/projects/meli/fury_cx-contact-hub-mcp/internal/adapters/mcp/tools/reopen_contact.go for Completion: context canceled (package completions: context canceled)\n\tposition=7:12\n"
[START][2025-09-18 16:21:59] LSP logging initiated
[ERROR][2025-09-18 16:21:59] ...lsp/handlers.lua:562	'2025/09/18 16:21:59 failed to find Hover for "tools": re-parsing: context canceled\n'
[ERROR][2025-09-18 16:21:59] ...lsp/handlers.lua:562	'2025/09/18 16:21:59 failed to find Hover for "ToolRegisterer": re-parsing: context canceled\n'
[START][2025-09-18 19:20:15] LSP logging initiated
[ERROR][2025-09-18 19:20:15] ...lsp/handlers.lua:562	'2025/09/18 19:20:15 go/packages.Load #4: err: exit status 1: stderr: go: errors parsing go.mod:\ngo.mod:16: repeated go statement\n\n\tview_id="1"\n\tsnapshot=15\n\tdirectory=/Users/akoffler/projects/meli/fury_cx-contact-hub-mcp\n\tquery=[bufio bytes cmp compress/flate compress/gzip compress/zlib container/heap container/list context crypto crypto/aes crypto/cipher crypto/des crypto/dsa crypto/ecdh crypto/ecdsa crypto/ed25519 crypto/elliptic crypto/hmac crypto/internal/boring crypto/internal/boring/bbig crypto/internal/boring/sig crypto/internal/entropy crypto/internal/fips140 crypto/internal/fips140/aes crypto/internal/fips140/aes/gcm crypto/internal/fips140/alias crypto/internal/fips140/bigmod crypto/internal/fips140/check crypto/internal/fips140/drbg crypto/internal/fips140/ecdh crypto/internal/fips140/ecdsa crypto/internal/fips140/ed25519 crypto/internal/fips140/edwards25519 crypto/internal/fips140/edwards25519/field crypto/internal/fips140/hkdf crypto/internal/fips140/hmac crypto/internal/fips140/mlkem crypto/internal/fips140/nistec crypto/internal/fips140/nistec/fiat crypto/internal/fips140/rsa crypto/internal/fips140/sha256 crypto/internal/fips140/sha3 crypto/internal/fips140/sha512 crypto/internal/fips140/subtle crypto/internal/fips140/tls12 crypto/internal/fips140/tls13 crypto/internal/fips140deps/byteorder crypto/internal/fips140deps/cpu crypto/internal/fips140deps/godebug crypto/internal/fips140hash crypto/internal/fips140only crypto/internal/hpke crypto/internal/impl crypto/internal/randutil crypto/internal/sysrand crypto/md5 crypto/rand crypto/rc4 crypto/rsa crypto/sha1 crypto/sha256 crypto/sha3 crypto/sha512 crypto/subtle crypto/tls crypto/tls/internal/fips140tls crypto/x509 crypto/x509/internal/macos crypto/x509/pkix database/sql database/sql/driver debug/dwarf debug/macho embed encoding encoding/asn1 encoding/base64 encoding/binary encoding/csv encoding/hex encoding/json encoding/pem encoding/xml errors expvar flag fmt github.com/DataDog/datadog-go/v5/statsd github.com/bahlo/generic-list-go github.com/buger/jsonparser github.com/cenkalti/backoff/v4 github.com/davecgh/go-spew/spew github.com/felixge/httpsnoop github.com/fsnotify/fsnotify github.com/fsnotify/fsnotify/internal github.com/gabriel-vasile/mimetype github.com/gabriel-vasile/mimetype/internal/charset github.com/gabriel-vasile/mimetype/internal/json github.com/gabriel-vasile/mimetype/internal/magic github.com/go-chi/chi/v5 github.com/go-chi/chi/v5/middleware github.com/go-logr/logr github.com/go-logr/logr/funcr github.com/go-logr/stdr github.com/go-playground/locales github.com/go-playground/locales/currency github.com/go-playground/universal-translator github.com/go-playground/validator/v10 github.com/go-viper/mapstructure/v2 github.com/go-viper/mapstructure/v2/internal/errors github.com/gofrs/uuid github.com/google/uuid github.com/grpc-ecosystem/grpc-gateway/v2/internal/httprule github.com/grpc-ecosystem/grpc-gateway/v2/runtime github.com/grpc-ecosystem/grpc-gateway/v2/utilities github.com/invopop/jsonschema github.com/karlseguin/ccache/v3 github.com/leodido/go-urn github.com/leodido/go-urn/scim/schema github.com/mailru/easyjson/buffer github.com/mailru/easyjson/jwriter github.com/mark3labs/mcp-go/client github.com/mark3labs/mcp-go/client/transport github.com/mark3labs/mcp-go/mcp github.com/mark3labs/mcp-go/mcptest github.com/mark3labs/mcp-go/server github.com/mark3labs/mcp-go/util github.com/melisource/fury_cx-contact-hub-mcp/cmd/api github.com/melisource/fury_cx-contact-hub-mcp/cmd/list-tools github.com/melisource/fury_cx-contact-hub-mcp/internal/adapters/config github.com/melisource/fury_cx-contact-hub-mcp/internal/adapters/http github.com/melisource/fury_cx-contact-hub-mcp/internal/adapters/http/client github.com/melisource/fury_cx-contact-hub-mcp/internal/adapters/http/client/c2c github.com/melisource/fury_cx-contact-hub-mcp/internal/adapters/http/client/c2c_test github.com/melisource/fury_cx-contact-hub-mcp/internal/adapters/http/client/cases github.com/melisource/fury_cx-contact-hub-mcp/internal/adapters/http/client/cases_test github.com/melisource/fury_cx-contact-hub-mcp/internal/adapters/http/client/chat github.com/melisource/fury_cx-contact-hub-mcp/internal/adapters/http/client/chat_test github.com/melisource/fury_cx-contact-hub-mcp/internal/adapters/http/client/chub github.com/melisource/fury_cx-contact-hub-mcp/internal/adapters/http/client/chub_test github.com/melisource/fury_cx-contact-hub-mcp/internal/adapters/mcp github.com/melisource/fury_cx-contact-hub-mcp/internal/adapters/mcp/chub github.com/melisource/fury_cx-contact-hub-mcp/internal/adapters/mcp/middleware github.com/melisource/fury_cx-contact-hub-mcp/internal/adapters/mcp/tools github.com/melisource/fury_cx-contact-hub-mcp/internal/business github.com/melisource/fury_cx-contact-hub-mcp/internal/business/chub github.com/melisource/fury_cx-contact-hub-mcp/internal/business/chub/mock github.com/melisource/fury_cx-contact-hub-mcp/internal/business/chub_test github.com/melisource/fury_cx-contact-hub-mcp/internal/foundation github.com/melisource/fury_go-core/pkg/internal github.com/melisource/fury_go-core/pkg/log github.com/melisource/fury_go-core/pkg/log/encoders github.com/melisource/fury_go-core/pkg/rusty github.com/melisource/fury_go-core/pkg/telemetry github.com/melisource/fury_go-core/pkg/telemetry/dialtrace github.com/melisource/fury_go-core/pkg/telemetry/tracing github.com/melisource/fury_go-core/pkg/transport github.com/melisource/fury_go-core/pkg/transport/httpclient github.com/melisource/fury_go-core/pkg/transport/internal/httpcache github.com/melisource/fury_go-core/pkg/web github.com/melisource/fury_go-platform/pkg/fury github.com/melisource/fury_go-platform/pkg/internal/infra github.com/melisource/fury_go-toolkit-config/v2/pkg/config github.com/melisource/fury_go-toolkit-mlauth/pkg/mlauth github.com/melisource/fury_go-toolkit-otel/pkg/otel github.com/melisource/fury_go-toolkit-otel/pkg/otel/events github.com/melisource/fury_go-toolkit-otel/pkg/otel/events/activator github.com/melisource/fury_go-toolkit-otel/pkg/otel/events/activator/client github.com/melisource/fury_go-toolkit-otel/pkg/otel/events/activator/noop github.com/melisource/fury_go-toolkit-otel/pkg/otel/events/common github.com/melisource/fury_go-toolkit-otel/pkg/otel/events/config github.com/melisource/fury_go-toolkit-otel/pkg/otel/events/logger github.com/melisource/fury_go-toolkit-otel/pkg/otel/events/processor/attribute github.com/melisource/fury_go-toolkit-otel/pkg/otel/events/processor/batch github.com/melisource/fury_go-toolkit-otel/pkg/otel/events/sampler github.com/newrelic/go-agent/v3/internal github.com/newrelic/go-agent/v3/internal/cat github.com/newrelic/go-agent/v3/internal/com_newrelic_trace_v1 github.com/newrelic/go-agent/v3/internal/jsonx github.com/newrelic/go-agent/v3/internal/logcontext github.com/newrelic/go-agent/v3/internal/logger github.com/newrelic/go-agent/v3/internal/sysinfo github.com/newrelic/go-agent/v3/internal/utilization github.com/newrelic/go-agent/v3/newrelic github.com/pelletier/go-toml/v2 github.com/pelletier/go-toml/v2/internal/characters github.com/pelletier/go-toml/v2/internal/danger github.com/pelletier/go-toml/v2/internal/tracker github.com/pelletier/go-toml/v2/unstable github.com/pmezard/go-difflib/difflib github.com/sagikazarmark/locafero github.com/sourcegraph/conc github.com/sourcegraph/conc/internal/multierror github.com/sourcegraph/conc/iter github.com/sourcegraph/conc/panics github.com/spf13/afero github.com/spf13/afero/internal/common github.com/spf13/afero/mem github.com/spf13/cast github.com/spf13/pflag github.com/spf13/viper github.com/spf13/viper/internal/encoding/dotenv github.com/spf13/viper/internal/encoding/json github.com/spf13/viper/internal/encoding/toml github.com/spf13/viper/internal/encoding/yaml github.com/spf13/viper/internal/features github.com/stretchr/objx github.com/stretchr/testify/assert github.com/stretchr/testify/assert/yaml github.com/stretchr/testify/mock github.com/stretchr/testify/require github.com/stretchr/testify/suite github.com/subosito/gotenv github.com/valyala/bytebufferpool github.com/valyala/fasttemplate github.com/wk8/go-ordered-map/v2 github.com/yosida95/uritemplate/v3 go.opentelemetry.io/auto/sdk go.opentelemetry.io/auto/sdk/internal/telemetry go.opentelemetry.io/contrib go.opentelemetry.io/contrib/instrumentation/net/http/otelhttp go.opentelemetry.io/contrib/instrumentation/net/http/otelhttp/internal/request go.opentelemetry.io/contrib/instrumentation/net/http/otelhttp/internal/semconv go.opentelemetry.io/contrib/instrumentation/net/http/otelhttp/internal/semconvutil go.opentelemetry.io/contrib/instrumentation/runtime go.opentelemetry.io/contrib/instrumentation/runtime/internal/deprecatedruntime go.opentelemetry.io/contrib/instrumentation/runtime/internal/x go.opentelemetry.io/contrib/propagators/b3 go.opentelemetry.io/otel go.opentelemetry.io/otel/attribute go.opentelemetry.io/otel/baggage go.opentelemetry.io/otel/codes go.opentelemetry.io/otel/exporters/otlp/otlpmetric/otlpmetricgrpc go.opentelemetry.io/otel/exporters/otlp/otlpmetric/otlpmetricgrpc/internal go.opentelemetry.io/otel/exporters/otlp/otlpmetric/otlpmetricgrpc/internal/envconfig go.opentelemetry.io/otel/exporters/otlp/otlpmetric/otlpmetricgrpc/internal/oconf go.opentelemetry.io/otel/exporters/otlp/otlpmetric/otlpmetricgrpc/internal/retry go.opentelemetry.io/otel/exporters/otlp/otlpmetric/otlpmetricgrpc/internal/transform go.opentelemetry.io/otel/exporters/otlp/otlptrace go.opentelemetry.io/otel/exporters/otlp/otlptrace/internal/tracetransform go.opentelemetry.io/otel/exporters/otlp/otlptrace/otlptracegrpc go.opentelemetry.io/otel/exporters/otlp/otlptrace/otlptracegrpc/internal go.opentelemetry.io/otel/exporters/otlp/otlptrace/otlptracegrpc/internal/envconfig go.opentelemetry.io/otel/exporters/otlp/otlptrace/otlptracegrpc/internal/otlpconfig go.opentelemetry.io/otel/exporters/otlp/otlptrace/otlptracegrpc/internal/retry go.opentelemetry.io/otel/internal go.opentelemetry.io/otel/internal/attribute go.opentelemetry.io/otel/internal/baggage go.opentelemetry.io/otel/internal/global go.opentelemetry.io/otel/metric go.opentelemetry.io/otel/metric/embedded go.opentelemetry.io/otel/metric/noop go.opentelemetry.io/otel/propagation go.opentelemetry.io/otel/sdk go.opentelemetry.io/otel/sdk/instrumentation go.opentelemetry.io/otel/sdk/internal/env go.opentelemetry.io/otel/sdk/internal/x go.opentelemetry.io/otel/sdk/metric go.opentelemetry.io/otel/sdk/metric/exemplar go.opentelemetry.io/otel/sdk/metric/internal go.opentelemetry.io/otel/sdk/metric/internal/aggregate go.opentelemetry.io/otel/sdk/metric/internal/x go.opentelemetry.io/otel/sdk/metric/metricdata go.opentelemetry.io/otel/sdk/resource go.opentelemetry.io/otel/sdk/trace go.opentelemetry.io/otel/semconv/internal go.opentelemetry.io/otel/semconv/v1.12.0 go.opentelemetry.io/otel/semconv/v1.20.0 go.opentelemetry.io/otel/semconv/v1.24.0 go.opentelemetry.io/otel/semconv/v1.26.0 go.opentelemetry.io/otel/semconv/v1.7.0 go.opentelemetry.io/otel/trace go.opentelemetry.io/otel/trace/embedded go.opentelemetry.io/otel/trace/noop go.opentelemetry.io/proto/otlp/collector/metrics/v1 go.opentelemetry.io/proto/otlp/collector/trace/v1 go.opentelemetry.io/proto/otlp/common/v1 go.opentelemetry.io/proto/otlp/metrics/v1 go.opentelemetry.io/proto/otlp/resource/v1 go.opentelemetry.io/proto/otlp/trace/v1 go.uber.org/multierr go.uber.org/zap go.uber.org/zap/buffer go.uber.org/zap/internal go.uber.org/zap/internal/bufferpool go.uber.org/zap/internal/color go.uber.org/zap/internal/exit go.uber.org/zap/internal/pool go.uber.org/zap/internal/stacktrace go.uber.org/zap/zapcore go/ast go/build/constraint go/doc go/doc/comment go/parser go/scanner go/token golang.org/x/crypto/sha3 golang.org/x/net/html golang.org/x/net/html/atom golang.org/x/net/http/httpguts golang.org/x/net/http2 golang.org/x/net/http2/hpack golang.org/x/net/idna golang.org/x/net/internal/httpcommon golang.org/x/net/internal/timeseries golang.org/x/net/trace golang.org/x/sys/cpu golang.org/x/sys/unix golang.org/x/text/encoding golang.org/x/text/encoding/internal golang.org/x/text/encoding/internal/identifier golang.org/x/text/encoding/unicode golang.org/x/text/internal/language golang.org/x/text/internal/language/compact golang.org/x/text/internal/tag golang.org/x/text/internal/utf8internal golang.org/x/text/language golang.org/x/text/runes golang.org/x/text/secure/bidirule golang.org/x/text/transform golang.org/x/text/unicode/bidi golang.org/x/text/unicode/norm google.golang.org/genproto/googleapis/api/httpbody google.golang.org/genproto/googleapis/rpc/errdetails google.golang.org/genproto/googleapis/rpc/status google.golang.org/grpc google.golang.org/grpc/attributes google.golang.org/grpc/backoff google.golang.org/grpc/balancer google.golang.org/grpc/balancer/base google.golang.org/grpc/balancer/grpclb/state google.golang.org/grpc/balancer/pickfirst google.golang.org/grpc/balancer/pickfirst/internal google.golang.org/grpc/balancer/pickfirst/pickfirstleaf google.golang.org/grpc/balancer/roundrobin google.golang.org/grpc/binarylog/grpc_binarylog_v1 google.golang.org/grpc/channelz google.golang.org/grpc/codes google.golang.org/grpc/connectivity google.golang.org/grpc/credentials google.golang.org/grpc/credentials/insecure google.golang.org/grpc/encoding google.golang.org/grpc/encoding/gzip google.golang.org/grpc/encoding/proto google.golang.org/grpc/experimental/stats google.golang.org/grpc/grpclog google.golang.org/grpc/grpclog/internal google.golang.org/grpc/health/grpc_health_v1 google.golang.org/grpc/internal google.golang.org/grpc/internal/backoff google.golang.org/grpc/internal/balancer/gracefulswitch google.golang.org/grpc/internal/balancerload google.golang.org/grpc/internal/binarylog google.golang.org/grpc/internal/buffer google.golang.org/grpc/internal/channelz google.golang.org/grpc/internal/credentials google.golang.org/grpc/internal/envconfig google.golang.org/grpc/internal/grpclog google.golang.org/grpc/internal/grpcsync google.golang.org/grpc/internal/grpcutil google.golang.org/grpc/internal/idle google.golang.org/grpc/internal/metadata google.golang.org/grpc/internal/pretty google.golang.org/grpc/internal/resolver google.golang.org/grpc/internal/resolver/dns google.golang.org/grpc/internal/resolver/dns/internal google.golang.org/grpc/internal/resolver/passthrough google.golang.org/grpc/internal/resolver/unix google.golang.org/grpc/internal/serviceconfig google.golang.org/grpc/internal/stats google.golang.org/grpc/internal/status google.golang.org/grpc/internal/syscall google.golang.org/grpc/internal/transport google.golang.org/grpc/internal/transport/networktype google.golang.org/grpc/keepalive google.golang.org/grpc/mem google.golang.org/grpc/metadata google.golang.org/grpc/peer google.golang.org/grpc/resolver google.golang.org/grpc/resolver/dns google.golang.org/grpc/serviceconfig google.golang.org/grpc/stats google.golang.org/grpc/status google.golang.org/grpc/tap google.golang.org/protobuf/encoding/protojson google.golang.org/protobuf/encoding/prototext google.golang.org/protobuf/encoding/protowire google.golang.org/protobuf/internal/descfmt google.golang.org/protobuf/internal/descopts google.golang.org/protobuf/internal/detrand google.golang.org/protobuf/internal/editiondefaults google.golang.org/protobuf/internal/encoding/defval google.golang.org/protobuf/internal/encoding/json google.golang.org/protobuf/internal/encoding/messageset google.golang.org/protobuf/internal/encoding/tag google.golang.org/protobuf/internal/encoding/text google.golang.org/protobuf/internal/errors google.golang.org/protobuf/internal/filedesc google.golang.org/protobuf/internal/filetype google.golang.org/protobuf/internal/flags google.golang.org/protobuf/internal/genid google.golang.org/protobuf/internal/impl google.golang.org/protobuf/internal/order google.golang.org/protobuf/internal/pragma google.golang.org/protobuf/internal/protolazy google.golang.org/protobuf/internal/set google.golang.org/protobuf/internal/strs google.golang.org/protobuf/internal/version google.golang.org/protobuf/proto google.golang.org/protobuf/protoadapt google.golang.org/protobuf/reflect/protoreflect google.golang.org/protobuf/reflect/protoregistry google.golang.org/protobuf/runtime/protoiface google.golang.org/protobuf/runtime/protoimpl google.golang.org/protobuf/types/known/anypb google.golang.org/protobuf/types/known/durationpb google.golang.org/protobuf/types/known/fieldmaskpb google.golang.org/protobuf/types/known/structpb google.golang.org/protobuf/types/known/timestamppb google.golang.org/protobuf/types/known/wrapperspb gopkg.in/yaml.v3 hash hash/adler32 hash/crc32 hash/fnv html html/template internal/abi internal/asan internal/bisect internal/bytealg internal/byteorder internal/chacha8rand internal/coverage/rtcov internal/cpu internal/filepathlite internal/fmtsort internal/goarch internal/godebug internal/godebugs internal/goexperiment internal/goos internal/itoa internal/lazyregexp internal/msan internal/nettrace internal/oserror internal/poll internal/profile internal/profilerecord internal/race internal/reflectlite internal/runtime/atomic internal/runtime/exithook internal/runtime/maps internal/runtime/math internal/runtime/sys internal/saferio internal/singleflight internal/stringslite internal/sync internal/syscall/execenv internal/syscall/unix internal/sysinfo internal/testlog internal/unsafeheader io io/fs io/ioutil iter log log/internal log/slog log/slog/internal log/slog/internal/buffer maps math math/big math/bits math/rand math/rand/v2 mime mime/multipart mime/quotedprintable net net/http net/http/httptest net/http/httptrace net/http/httputil net/http/internal net/http/internal/ascii net/http/internal/testcert net/http/pprof net/netip net/textproto net/url os os/exec os/signal os/user path path/filepath reflect regexp regexp/syntax runtime runtime/debug runtime/metrics runtime/pprof runtime/trace slices sort strconv strings sync sync/atomic syscall testing text/tabwriter text/template text/template/parse time unicode unicode/utf16 unicode/utf8 unique unsafe vendor/golang.org/x/crypto/chacha20 vendor/golang.org/x/crypto/chacha20poly1305 vendor/golang.org/x/crypto/cryptobyte vendor/golang.org/x/crypto/cryptobyte/asn1 vendor/golang.org/x/crypto/internal/alias vendor/golang.org/x/crypto/internal/poly1305 vendor/golang.org/x/net/dns/dnsmessage vendor/golang.org/x/net/http/httpguts vendor/golang.org/x/net/http/httpproxy vendor/golang.org/x/net/http2/hpack vendor/golang.org/x/net/idna vendor/golang.org/x/net/route vendor/golang.org/x/text/secure/bidirule vendor/golang.org/x/text/transform vendor/golang.org/x/text/unicode/bidi vendor/golang.org/x/text/unicode/norm weak]\n\tpackages=0\n\tduration=74.06175ms\n'
[ERROR][2025-09-18 19:20:15] ...lsp/handlers.lua:562	'2025/09/18 19:20:15 reloading workspace: packages.Load error: err: exit status 1: stderr: go: errors parsing go.mod:\ngo.mod:16: repeated go statement\n\n\tview_id="1"\n\tsnapshot=15\n\tdirectory=/Users/akoffler/projects/meli/fury_cx-contact-hub-mcp\n'
[ERROR][2025-09-18 19:20:15] ...lsp/handlers.lua:562	'2025/09/18 19:20:15 errors loading workspace: /Users/akoffler/projects/meli/fury_cx-contact-hub-mcp/go.mod:16: repeated go statement\n\tview_id="1"\n\tsnapshot=15\n\tdirectory=/Users/akoffler/projects/meli/fury_cx-contact-hub-mcp\n'
[ERROR][2025-09-18 19:20:15] ...lsp/handlers.lua:562	'2025/09/18 19:20:15 go/packages.Load #5: err: exit status 1: stderr: go: errors parsing go.mod:\ngo.mod:16: repeated go statement\n\n\tview_id="1"\n\tsnapshot=15\n\tdirectory=/Users/akoffler/projects/meli/fury_cx-contact-hub-mcp\n\tquery=[file=/Users/akoffler/projects/meli/fury_cx-contact-hub-mcp/internal/adapters/mcp/tools/reopen_contact.go]\n\tpackages=0\n\tduration=31.382667ms\n'
[ERROR][2025-09-18 19:20:15] ...lsp/handlers.lua:562	"2025/09/18 19:20:15 MetadataForFile: packages.Load error: err: exit status 1: stderr: go: errors parsing go.mod:\ngo.mod:16: repeated go statement\n\n"
[ERROR][2025-09-18 19:20:15] ...lsp/handlers.lua:562	'2025/09/18 19:20:15 go/packages.Load #6: err: exit status 1: stderr: go: errors parsing go.mod:\ngo.mod:16: repeated go statement\n\n\tview_id="1"\n\tsnapshot=15\n\tdirectory=/Users/akoffler/projects/meli/fury_cx-contact-hub-mcp\n\tquery=[file=/Users/akoffler/projects/meli/fury_cx-contact-hub-mcp/internal/adapters/mcp/middleware/validation.go]\n\tpackages=0\n\tduration=26.739584ms\n'
[ERROR][2025-09-18 19:20:15] ...lsp/handlers.lua:562	"2025/09/18 19:20:15 MetadataForFile: packages.Load error: err: exit status 1: stderr: go: errors parsing go.mod:\ngo.mod:16: repeated go statement\n\n"
[ERROR][2025-09-18 19:23:14] ...lsp/handlers.lua:562	"2025/09/18 19:23:14 no completions found: getting file file:///Users/akoffler/projects/meli/fury_cx-contact-hub-mcp/internal/adapters/mcp/middleware/validation.go for Completion: context canceled (package completions: context canceled)\n\tposition=7:40\n"
[ERROR][2025-09-18 19:24:36] ...lsp/handlers.lua:562	'2025/09/18 19:24:36 go/packages.Load #16: err: exit status 1: stderr: go: errors parsing go.mod:\ngo.mod:16: repeated go statement\n\n\tview_id="1"\n\tsnapshot=196\n\tdirectory=/Users/akoffler/projects/meli/fury_cx-contact-hub-mcp\n\tquery=[bufio bytes cmp compress/flate compress/gzip compress/zlib container/heap container/list context crypto crypto/aes crypto/cipher crypto/des crypto/dsa crypto/ecdh crypto/ecdsa crypto/ed25519 crypto/elliptic crypto/hmac crypto/internal/boring crypto/internal/boring/bbig crypto/internal/boring/sig crypto/internal/entropy crypto/internal/fips140 crypto/internal/fips140/aes crypto/internal/fips140/aes/gcm crypto/internal/fips140/alias crypto/internal/fips140/bigmod crypto/internal/fips140/check crypto/internal/fips140/drbg crypto/internal/fips140/ecdh crypto/internal/fips140/ecdsa crypto/internal/fips140/ed25519 crypto/internal/fips140/edwards25519 crypto/internal/fips140/edwards25519/field crypto/internal/fips140/hkdf crypto/internal/fips140/hmac crypto/internal/fips140/mlkem crypto/internal/fips140/nistec crypto/internal/fips140/nistec/fiat crypto/internal/fips140/rsa crypto/internal/fips140/sha256 crypto/internal/fips140/sha3 crypto/internal/fips140/sha512 crypto/internal/fips140/subtle crypto/internal/fips140/tls12 crypto/internal/fips140/tls13 crypto/internal/fips140deps/byteorder crypto/internal/fips140deps/cpu crypto/internal/fips140deps/godebug crypto/internal/fips140hash crypto/internal/fips140only crypto/internal/hpke crypto/internal/impl crypto/internal/randutil crypto/internal/sysrand crypto/md5 crypto/rand crypto/rc4 crypto/rsa crypto/sha1 crypto/sha256 crypto/sha3 crypto/sha512 crypto/subtle crypto/tls crypto/tls/internal/fips140tls crypto/x509 crypto/x509/internal/macos crypto/x509/pkix database/sql database/sql/driver debug/dwarf debug/macho embed encoding encoding/asn1 encoding/base64 encoding/binary encoding/csv encoding/hex encoding/json encoding/pem encoding/xml errors expvar flag fmt github.com/DataDog/datadog-go/v5/statsd github.com/bahlo/generic-list-go github.com/buger/jsonparser github.com/cenkalti/backoff/v4 github.com/davecgh/go-spew/spew github.com/felixge/httpsnoop github.com/fsnotify/fsnotify github.com/fsnotify/fsnotify/internal github.com/gabriel-vasile/mimetype github.com/gabriel-vasile/mimetype/internal/charset github.com/gabriel-vasile/mimetype/internal/json github.com/gabriel-vasile/mimetype/internal/magic github.com/go-chi/chi/v5 github.com/go-chi/chi/v5/middleware github.com/go-logr/logr github.com/go-logr/logr/funcr github.com/go-logr/stdr github.com/go-playground/locales github.com/go-playground/locales/currency github.com/go-playground/universal-translator github.com/go-playground/validator/v10 github.com/go-viper/mapstructure/v2 github.com/go-viper/mapstructure/v2/internal/errors github.com/gofrs/uuid github.com/google/uuid github.com/grpc-ecosystem/grpc-gateway/v2/internal/httprule github.com/grpc-ecosystem/grpc-gateway/v2/runtime github.com/grpc-ecosystem/grpc-gateway/v2/utilities github.com/invopop/jsonschema github.com/karlseguin/ccache/v3 github.com/leodido/go-urn github.com/leodido/go-urn/scim/schema github.com/mailru/easyjson/buffer github.com/mailru/easyjson/jwriter github.com/mark3labs/mcp-go/client github.com/mark3labs/mcp-go/client/transport github.com/mark3labs/mcp-go/mcp github.com/mark3labs/mcp-go/mcptest github.com/mark3labs/mcp-go/server github.com/mark3labs/mcp-go/util github.com/melisource/fury_cx-contact-hub-mcp/cmd/api github.com/melisource/fury_cx-contact-hub-mcp/cmd/list-tools github.com/melisource/fury_cx-contact-hub-mcp/internal/adapters/config github.com/melisource/fury_cx-contact-hub-mcp/internal/adapters/http github.com/melisource/fury_cx-contact-hub-mcp/internal/adapters/http/client github.com/melisource/fury_cx-contact-hub-mcp/internal/adapters/http/client/c2c github.com/melisource/fury_cx-contact-hub-mcp/internal/adapters/http/client/c2c_test github.com/melisource/fury_cx-contact-hub-mcp/internal/adapters/http/client/cases github.com/melisource/fury_cx-contact-hub-mcp/internal/adapters/http/client/cases_test github.com/melisource/fury_cx-contact-hub-mcp/internal/adapters/http/client/chat github.com/melisource/fury_cx-contact-hub-mcp/internal/adapters/http/client/chat_test github.com/melisource/fury_cx-contact-hub-mcp/internal/adapters/http/client/chub github.com/melisource/fury_cx-contact-hub-mcp/internal/adapters/http/client/chub_test github.com/melisource/fury_cx-contact-hub-mcp/internal/adapters/mcp github.com/melisource/fury_cx-contact-hub-mcp/internal/adapters/mcp/chub github.com/melisource/fury_cx-contact-hub-mcp/internal/adapters/mcp/middleware github.com/melisource/fury_cx-contact-hub-mcp/internal/adapters/mcp/tools github.com/melisource/fury_cx-contact-hub-mcp/internal/business github.com/melisource/fury_cx-contact-hub-mcp/internal/business/chub github.com/melisource/fury_cx-contact-hub-mcp/internal/business/chub/mock github.com/melisource/fury_cx-contact-hub-mcp/internal/business/chub_test github.com/melisource/fury_cx-contact-hub-mcp/internal/foundation github.com/melisource/fury_go-core/pkg/internal github.com/melisource/fury_go-core/pkg/log github.com/melisource/fury_go-core/pkg/log/encoders github.com/melisource/fury_go-core/pkg/rusty github.com/melisource/fury_go-core/pkg/telemetry github.com/melisource/fury_go-core/pkg/telemetry/dialtrace github.com/melisource/fury_go-core/pkg/telemetry/tracing github.com/melisource/fury_go-core/pkg/transport github.com/melisource/fury_go-core/pkg/transport/httpclient github.com/melisource/fury_go-core/pkg/transport/internal/httpcache github.com/melisource/fury_go-core/pkg/web github.com/melisource/fury_go-platform/pkg/fury github.com/melisource/fury_go-platform/pkg/internal/infra github.com/melisource/fury_go-toolkit-config/v2/pkg/config github.com/melisource/fury_go-toolkit-mlauth/pkg/mlauth github.com/melisource/fury_go-toolkit-otel/pkg/otel github.com/melisource/fury_go-toolkit-otel/pkg/otel/events github.com/melisource/fury_go-toolkit-otel/pkg/otel/events/activator github.com/melisource/fury_go-toolkit-otel/pkg/otel/events/activator/client github.com/melisource/fury_go-toolkit-otel/pkg/otel/events/activator/noop github.com/melisource/fury_go-toolkit-otel/pkg/otel/events/common github.com/melisource/fury_go-toolkit-otel/pkg/otel/events/config github.com/melisource/fury_go-toolkit-otel/pkg/otel/events/logger github.com/melisource/fury_go-toolkit-otel/pkg/otel/events/processor/attribute github.com/melisource/fury_go-toolkit-otel/pkg/otel/events/processor/batch github.com/melisource/fury_go-toolkit-otel/pkg/otel/events/sampler github.com/newrelic/go-agent/v3/internal github.com/newrelic/go-agent/v3/internal/cat github.com/newrelic/go-agent/v3/internal/com_newrelic_trace_v1 github.com/newrelic/go-agent/v3/internal/jsonx github.com/newrelic/go-agent/v3/internal/logcontext github.com/newrelic/go-agent/v3/internal/logger github.com/newrelic/go-agent/v3/internal/sysinfo github.com/newrelic/go-agent/v3/internal/utilization github.com/newrelic/go-agent/v3/newrelic github.com/pelletier/go-toml/v2 github.com/pelletier/go-toml/v2/internal/characters github.com/pelletier/go-toml/v2/internal/danger github.com/pelletier/go-toml/v2/internal/tracker github.com/pelletier/go-toml/v2/unstable github.com/pmezard/go-difflib/difflib github.com/sagikazarmark/locafero github.com/santhosh-tekuri/jsonschema github.com/santhosh-tekuri/jsonschema/decoders github.com/santhosh-tekuri/jsonschema/formats github.com/santhosh-tekuri/jsonschema/loader github.com/santhosh-tekuri/jsonschema/mediatypes github.com/sourcegraph/conc github.com/sourcegraph/conc/internal/multierror github.com/sourcegraph/conc/iter github.com/sourcegraph/conc/panics github.com/spf13/afero github.com/spf13/afero/internal/common github.com/spf13/afero/mem github.com/spf13/cast github.com/spf13/pflag github.com/spf13/viper github.com/spf13/viper/internal/encoding/dotenv github.com/spf13/viper/internal/encoding/json github.com/spf13/viper/internal/encoding/toml github.com/spf13/viper/internal/encoding/yaml github.com/spf13/viper/internal/features github.com/stretchr/objx github.com/stretchr/testify/assert github.com/stretchr/testify/assert/yaml github.com/stretchr/testify/mock github.com/stretchr/testify/require github.com/stretchr/testify/suite github.com/subosito/gotenv github.com/valyala/bytebufferpool github.com/valyala/fasttemplate github.com/wk8/go-ordered-map/v2 github.com/yosida95/uritemplate/v3 go.opentelemetry.io/auto/sdk go.opentelemetry.io/auto/sdk/internal/telemetry go.opentelemetry.io/contrib go.opentelemetry.io/contrib/instrumentation/net/http/otelhttp go.opentelemetry.io/contrib/instrumentation/net/http/otelhttp/internal/request go.opentelemetry.io/contrib/instrumentation/net/http/otelhttp/internal/semconv go.opentelemetry.io/contrib/instrumentation/net/http/otelhttp/internal/semconvutil go.opentelemetry.io/contrib/instrumentation/runtime go.opentelemetry.io/contrib/instrumentation/runtime/internal/deprecatedruntime go.opentelemetry.io/contrib/instrumentation/runtime/internal/x go.opentelemetry.io/contrib/propagators/b3 go.opentelemetry.io/otel go.opentelemetry.io/otel/attribute go.opentelemetry.io/otel/baggage go.opentelemetry.io/otel/codes go.opentelemetry.io/otel/exporters/otlp/otlpmetric/otlpmetricgrpc go.opentelemetry.io/otel/exporters/otlp/otlpmetric/otlpmetricgrpc/internal go.opentelemetry.io/otel/exporters/otlp/otlpmetric/otlpmetricgrpc/internal/envconfig go.opentelemetry.io/otel/exporters/otlp/otlpmetric/otlpmetricgrpc/internal/oconf go.opentelemetry.io/otel/exporters/otlp/otlpmetric/otlpmetricgrpc/internal/retry go.opentelemetry.io/otel/exporters/otlp/otlpmetric/otlpmetricgrpc/internal/transform go.opentelemetry.io/otel/exporters/otlp/otlptrace go.opentelemetry.io/otel/exporters/otlp/otlptrace/internal/tracetransform go.opentelemetry.io/otel/exporters/otlp/otlptrace/otlptracegrpc go.opentelemetry.io/otel/exporters/otlp/otlptrace/otlptracegrpc/internal go.opentelemetry.io/otel/exporters/otlp/otlptrace/otlptracegrpc/internal/envconfig go.opentelemetry.io/otel/exporters/otlp/otlptrace/otlptracegrpc/internal/otlpconfig go.opentelemetry.io/otel/exporters/otlp/otlptrace/otlptracegrpc/internal/retry go.opentelemetry.io/otel/internal go.opentelemetry.io/otel/internal/attribute go.opentelemetry.io/otel/internal/baggage go.opentelemetry.io/otel/internal/global go.opentelemetry.io/otel/metric go.opentelemetry.io/otel/metric/embedded go.opentelemetry.io/otel/metric/noop go.opentelemetry.io/otel/propagation go.opentelemetry.io/otel/sdk go.opentelemetry.io/otel/sdk/instrumentation go.opentelemetry.io/otel/sdk/internal/env go.opentelemetry.io/otel/sdk/internal/x go.opentelemetry.io/otel/sdk/metric go.opentelemetry.io/otel/sdk/metric/exemplar go.opentelemetry.io/otel/sdk/metric/internal go.opentelemetry.io/otel/sdk/metric/internal/aggregate go.opentelemetry.io/otel/sdk/metric/internal/x go.opentelemetry.io/otel/sdk/metric/metricdata go.opentelemetry.io/otel/sdk/resource go.opentelemetry.io/otel/sdk/trace go.opentelemetry.io/otel/semconv/internal go.opentelemetry.io/otel/semconv/v1.12.0 go.opentelemetry.io/otel/semconv/v1.20.0 go.opentelemetry.io/otel/semconv/v1.24.0 go.opentelemetry.io/otel/semconv/v1.26.0 go.opentelemetry.io/otel/semconv/v1.7.0 go.opentelemetry.io/otel/trace go.opentelemetry.io/otel/trace/embedded go.opentelemetry.io/otel/trace/noop go.opentelemetry.io/proto/otlp/collector/metrics/v1 go.opentelemetry.io/proto/otlp/collector/trace/v1 go.opentelemetry.io/proto/otlp/common/v1 go.opentelemetry.io/proto/otlp/metrics/v1 go.opentelemetry.io/proto/otlp/resource/v1 go.opentelemetry.io/proto/otlp/trace/v1 go.uber.org/multierr go.uber.org/zap go.uber.org/zap/buffer go.uber.org/zap/internal go.uber.org/zap/internal/bufferpool go.uber.org/zap/internal/color go.uber.org/zap/internal/exit go.uber.org/zap/internal/pool go.uber.org/zap/internal/stacktrace go.uber.org/zap/zapcore go/ast go/build/constraint go/doc go/doc/comment go/parser go/scanner go/token golang.org/x/crypto/sha3 golang.org/x/net/html golang.org/x/net/html/atom golang.org/x/net/http/httpguts golang.org/x/net/http2 golang.org/x/net/http2/hpack golang.org/x/net/idna golang.org/x/net/internal/httpcommon golang.org/x/net/internal/timeseries golang.org/x/net/trace golang.org/x/sys/cpu golang.org/x/sys/unix golang.org/x/text/encoding golang.org/x/text/encoding/internal golang.org/x/text/encoding/internal/identifier golang.org/x/text/encoding/unicode golang.org/x/text/internal/language golang.org/x/text/internal/language/compact golang.org/x/text/internal/tag golang.org/x/text/internal/utf8internal golang.org/x/text/language golang.org/x/text/runes golang.org/x/text/secure/bidirule golang.org/x/text/transform golang.org/x/text/unicode/bidi golang.org/x/text/unicode/norm google.golang.org/genproto/googleapis/api/httpbody google.golang.org/genproto/googleapis/rpc/errdetails google.golang.org/genproto/googleapis/rpc/status google.golang.org/grpc google.golang.org/grpc/attributes google.golang.org/grpc/backoff google.golang.org/grpc/balancer google.golang.org/grpc/balancer/base google.golang.org/grpc/balancer/grpclb/state google.golang.org/grpc/balancer/pickfirst google.golang.org/grpc/balancer/pickfirst/internal google.golang.org/grpc/balancer/pickfirst/pickfirstleaf google.golang.org/grpc/balancer/roundrobin google.golang.org/grpc/binarylog/grpc_binarylog_v1 google.golang.org/grpc/channelz google.golang.org/grpc/codes google.golang.org/grpc/connectivity google.golang.org/grpc/credentials google.golang.org/grpc/credentials/insecure google.golang.org/grpc/encoding google.golang.org/grpc/encoding/gzip google.golang.org/grpc/encoding/proto google.golang.org/grpc/experimental/stats google.golang.org/grpc/grpclog google.golang.org/grpc/grpclog/internal google.golang.org/grpc/health/grpc_health_v1 google.golang.org/grpc/internal google.golang.org/grpc/internal/backoff google.golang.org/grpc/internal/balancer/gracefulswitch google.golang.org/grpc/internal/balancerload google.golang.org/grpc/internal/binarylog google.golang.org/grpc/internal/buffer google.golang.org/grpc/internal/channelz google.golang.org/grpc/internal/credentials google.golang.org/grpc/internal/envconfig google.golang.org/grpc/internal/grpclog google.golang.org/grpc/internal/grpcsync google.golang.org/grpc/internal/grpcutil google.golang.org/grpc/internal/idle google.golang.org/grpc/internal/metadata google.golang.org/grpc/internal/pretty google.golang.org/grpc/internal/resolver google.golang.org/grpc/internal/resolver/dns google.golang.org/grpc/internal/resolver/dns/internal google.golang.org/grpc/internal/resolver/passthrough google.golang.org/grpc/internal/resolver/unix google.golang.org/grpc/internal/serviceconfig google.golang.org/grpc/internal/stats google.golang.org/grpc/internal/status google.golang.org/grpc/internal/syscall google.golang.org/grpc/internal/transport google.golang.org/grpc/internal/transport/networktype google.golang.org/grpc/keepalive google.golang.org/grpc/mem google.golang.org/grpc/metadata google.golang.org/grpc/peer google.golang.org/grpc/resolver google.golang.org/grpc/resolver/dns google.golang.org/grpc/serviceconfig google.golang.org/grpc/stats google.golang.org/grpc/status google.golang.org/grpc/tap google.golang.org/protobuf/encoding/protojson google.golang.org/protobuf/encoding/prototext google.golang.org/protobuf/encoding/protowire google.golang.org/protobuf/internal/descfmt google.golang.org/protobuf/internal/descopts google.golang.org/protobuf/internal/detrand google.golang.org/protobuf/internal/editiondefaults google.golang.org/protobuf/internal/encoding/defval google.golang.org/protobuf/internal/encoding/json google.golang.org/protobuf/internal/encoding/messageset google.golang.org/protobuf/internal/encoding/tag google.golang.org/protobuf/internal/encoding/text google.golang.org/protobuf/internal/errors google.golang.org/protobuf/internal/filedesc google.golang.org/protobuf/internal/filetype google.golang.org/protobuf/internal/flags google.golang.org/protobuf/internal/genid google.golang.org/protobuf/internal/impl google.golang.org/protobuf/internal/order google.golang.org/protobuf/internal/pragma google.golang.org/protobuf/internal/protolazy google.golang.org/protobuf/internal/set google.golang.org/protobuf/internal/strs google.golang.org/protobuf/internal/version google.golang.org/protobuf/proto google.golang.org/protobuf/protoadapt google.golang.org/protobuf/reflect/protoreflect google.golang.org/protobuf/reflect/protoregistry google.golang.org/protobuf/runtime/protoiface google.golang.org/protobuf/runtime/protoimpl google.golang.org/protobuf/types/known/anypb google.golang.org/protobuf/types/known/durationpb google.golang.org/protobuf/types/known/fieldmaskpb google.golang.org/protobuf/types/known/structpb google.golang.org/protobuf/types/known/timestamppb google.golang.org/protobuf/types/known/wrapperspb gopkg.in/yaml.v3 hash hash/adler32 hash/crc32 hash/fnv html html/template internal/abi internal/asan internal/bisect internal/bytealg internal/byteorder internal/chacha8rand internal/coverage/rtcov internal/cpu internal/filepathlite internal/fmtsort internal/goarch internal/godebug internal/godebugs internal/goexperiment internal/goos internal/itoa internal/lazyregexp internal/msan internal/nettrace internal/oserror internal/poll internal/profile internal/profilerecord internal/race internal/reflectlite internal/runtime/atomic internal/runtime/exithook internal/runtime/maps internal/runtime/math internal/runtime/sys internal/saferio internal/singleflight internal/stringslite internal/sync internal/syscall/execenv internal/syscall/unix internal/sysinfo internal/testlog internal/unsafeheader io io/fs io/ioutil iter log log/internal log/slog log/slog/internal log/slog/internal/buffer maps math math/big math/bits math/rand math/rand/v2 mime mime/multipart mime/quotedprintable net net/http net/http/httptest net/http/httptrace net/http/httputil net/http/internal net/http/internal/ascii net/http/internal/testcert net/http/pprof net/mail net/netip net/textproto net/url os os/exec os/signal os/user path path/filepath reflect regexp regexp/syntax runtime runtime/debug runtime/metrics runtime/pprof runtime/trace slices sort strconv strings sync sync/atomic syscall testing text/tabwriter text/template text/template/parse time unicode unicode/utf16 unicode/utf8 unique unsafe vendor/golang.org/x/crypto/chacha20 vendor/golang.org/x/crypto/chacha20poly1305 vendor/golang.org/x/crypto/cryptobyte vendor/golang.org/x/crypto/cryptobyte/asn1 vendor/golang.org/x/crypto/internal/alias vendor/golang.org/x/crypto/internal/poly1305 vendor/golang.org/x/net/dns/dnsmessage vendor/golang.org/x/net/http/httpguts vendor/golang.org/x/net/http/httpproxy vendor/golang.org/x/net/http2/hpack vendor/golang.org/x/net/idna vendor/golang.org/x/net/route vendor/golang.org/x/text/secure/bidirule vendor/golang.org/x/text/transform vendor/golang.org/x/text/unicode/bidi vendor/golang.org/x/text/unicode/norm weak]\n\tpackages=0\n\tduration=70.125708ms\n'
[ERROR][2025-09-18 19:24:36] ...lsp/handlers.lua:562	'2025/09/18 19:24:36 reloading workspace: packages.Load error: err: exit status 1: stderr: go: errors parsing go.mod:\ngo.mod:16: repeated go statement\n\n\tview_id="1"\n\tsnapshot=196\n\tdirectory=/Users/akoffler/projects/meli/fury_cx-contact-hub-mcp\n'
[ERROR][2025-09-18 19:24:36] ...lsp/handlers.lua:562	'2025/09/18 19:24:36 errors loading workspace: /Users/akoffler/projects/meli/fury_cx-contact-hub-mcp/go.mod:16: repeated go statement\n\tview_id="1"\n\tsnapshot=196\n\tdirectory=/Users/akoffler/projects/meli/fury_cx-contact-hub-mcp\n'
[ERROR][2025-09-18 19:24:37] ...lsp/handlers.lua:562	'2025/09/18 19:24:37 go/packages.Load #17: err: exit status 1: stderr: go: errors parsing go.mod:\ngo.mod:16: repeated go statement\n\n\tview_id="1"\n\tsnapshot=196\n\tdirectory=/Users/akoffler/projects/meli/fury_cx-contact-hub-mcp\n\tquery=[file=/Users/akoffler/projects/meli/fury_cx-contact-hub-mcp/internal/adapters/mcp/middleware/validation.go]\n\tpackages=0\n\tduration=32.314416ms\n'
[ERROR][2025-09-18 19:24:37] ...lsp/handlers.lua:562	"2025/09/18 19:24:37 MetadataForFile: packages.Load error: err: exit status 1: stderr: go: errors parsing go.mod:\ngo.mod:16: repeated go statement\n\n"
[START][2025-09-18 19:27:30] LSP logging initiated
[ERROR][2025-09-18 19:27:30] ...lsp/handlers.lua:562	"2025/09/18 19:27:30 signature help failed: cannot get type for Fun *ast.SelectorExpr (&{bytes NewReader})\n\tposition=11:17\n"
[ERROR][2025-09-18 19:28:13] ...lsp/handlers.lua:562	"2025/09/18 19:28:13 signature help failed: cannot get type for Fun *ast.SelectorExpr (&{fmt Println})\n\tposition=15:14\n"
[ERROR][2025-09-18 19:28:13] ...lsp/handlers.lua:562	"2025/09/18 19:28:13 signature help failed: cannot get type for Fun *ast.SelectorExpr (&{fmt Println})\n\tposition=15:15\n"
[ERROR][2025-09-18 19:28:14] ...lsp/handlers.lua:562	"2025/09/18 19:28:14 signature help failed: cannot get type for Fun *ast.SelectorExpr (&{fmt Println})\n\tposition=15:14\n"
[ERROR][2025-09-18 19:28:15] ...lsp/handlers.lua:562	"2025/09/18 19:28:15 signature help failed: cannot get type for Fun *ast.SelectorExpr (&{fmt Println})\n\tposition=15:14\n"
[ERROR][2025-09-18 19:53:14] ...lsp/handlers.lua:562	"2025/09/18 19:53:14 signature help failed: call operand is not a func or type: *ast.Ident (len)\n\tposition=32:8\n"
[ERROR][2025-09-18 19:53:42] ...lsp/handlers.lua:562	"2025/09/18 19:53:42 signature help failed: call operand is not a func or type: *ast.Ident (len)\n\tposition=33:27\n"
[ERROR][2025-09-18 19:54:46] ...lsp/handlers.lua:562	"2025/09/18 19:54:46 signature help failed: cannot get type for Fun *ast.SelectorExpr (&{fmt Errorf})\n\tposition=36:20\n"
[ERROR][2025-09-18 19:54:46] ...lsp/handlers.lua:562	"2025/09/18 19:54:46 signature help failed: cannot get type for Fun *ast.SelectorExpr (&{fmt Errorf})\n\tposition=36:21\n"
[ERROR][2025-09-18 19:54:47] ...lsp/handlers.lua:562	"2025/09/18 19:54:47 signature help failed: cannot get type for Fun *ast.SelectorExpr (&{fmt Errorf})\n\tposition=36:20\n"
[ERROR][2025-09-18 19:54:50] ...lsp/handlers.lua:562	"2025/09/18 19:54:50 signature help failed: cannot get type for Fun *ast.SelectorExpr (&{fmt Errorf})\n\tposition=36:24\n"
[ERROR][2025-09-18 19:54:50] ...lsp/handlers.lua:562	"2025/09/18 19:54:50 signature help failed: cannot get type for Fun *ast.SelectorExpr (&{fmt Errorf})\n\tposition=36:25\n"
[ERROR][2025-09-18 19:54:52] ...lsp/handlers.lua:562	"2025/09/18 19:54:52 signature help failed: cannot get type for Fun *ast.SelectorExpr (&{fmt Errorf})\n\tposition=36:29\n"
[ERROR][2025-09-18 19:54:52] ...lsp/handlers.lua:562	"2025/09/18 19:54:52 signature help failed: cannot get type for Fun *ast.SelectorExpr (&{fmt Errorf})\n\tposition=36:30\n"
[ERROR][2025-09-18 19:54:56] ...lsp/handlers.lua:562	"2025/09/18 19:54:56 signature help failed: cannot get type for Fun *ast.SelectorExpr (&{fmt Errorf})\n\tposition=36:30\n"
[ERROR][2025-09-18 19:54:59] ...lsp/handlers.lua:562	"2025/09/18 19:54:59 signature help failed: cannot get type for Fun *ast.SelectorExpr (&{fmt Errorf})\n\tposition=36:60\n"
[ERROR][2025-09-18 19:54:59] ...lsp/handlers.lua:562	"2025/09/18 19:54:59 signature help failed: cannot get type for Fun *ast.SelectorExpr (&{fmt Errorf})\n\tposition=36:61\n"
[ERROR][2025-09-18 19:55:03] ...lsp/handlers.lua:562	"2025/09/18 19:55:03 signature help failed: cannot get type for Fun *ast.SelectorExpr (&{fmt Errorf})\n\tposition=35:61\n"
[ERROR][2025-09-18 20:07:54] ...lsp/handlers.lua:562	"2025/09/18 20:07:54 signature help failed: call operand is not a func or type: *ast.Ident (len)\n\tposition=39:9\n"
[ERROR][2025-09-18 20:24:30] ...lsp/handlers.lua:562	"2025/09/18 20:24:30 signature help failed: cannot get type for Fun *ast.Ident (prettyPrint)\n\tposition=34:13\n"
[ERROR][2025-09-18 23:38:49] ...lsp/handlers.lua:562	"2025/09/18 23:38:49 signature help failed: cannot get type for Fun *ast.Ident (prettyPrint)\n\tposition=34:13\n"
[ERROR][2025-09-19 00:12:17] ...lsp/handlers.lua:562	"2025/09/19 00:12:17 signature help failed: cannot get type for Fun *ast.SelectorExpr (&{_validator Sturct})\n\tposition=7:19\n"
[ERROR][2025-09-19 00:12:19] ...lsp/handlers.lua:562	"2025/09/19 00:12:19 signature help failed: cannot get type for Fun *ast.SelectorExpr (&{_validator Sturct})\n\tposition=7:26\n"
[ERROR][2025-09-19 00:54:44] ...lsp/handlers.lua:562	"2025/09/19 00:54:44 signature help failed: cannot get type for Fun *ast.SelectorExpr (&{fmt Errorf})\n\tposition=17:20\n"
[ERROR][2025-09-19 00:55:46] ...lsp/handlers.lua:562	"2025/09/19 00:55:46 signature help failed: cannot get type for Fun *ast.SelectorExpr (&{fmt Errorf})\n\tposition=17:68\n"
[ERROR][2025-09-19 00:55:46] ...lsp/handlers.lua:562	"2025/09/19 00:55:46 signature help failed: cannot get type for Fun *ast.SelectorExpr (&{fmt Errorf})\n\tposition=17:69\n"
[ERROR][2025-09-19 00:55:49] ...lsp/handlers.lua:562	"2025/09/19 00:55:49 signature help failed: cannot get type for Fun *ast.SelectorExpr (&{fmt Errorf})\n\tposition=17:88\n"
[ERROR][2025-09-19 00:55:49] ...lsp/handlers.lua:562	"2025/09/19 00:55:49 signature help failed: cannot get type for Fun *ast.SelectorExpr (&{fmt Errorf})\n\tposition=17:89\n"
[ERROR][2025-09-19 00:55:57] ...lsp/handlers.lua:562	"2025/09/19 00:55:57 signature help failed: cannot get type for Fun *ast.SelectorExpr (&{fmt Errorf})\n\tposition=17:106\n"
[ERROR][2025-09-19 00:55:58] ...lsp/handlers.lua:562	"2025/09/19 00:55:58 signature help failed: cannot get type for Fun *ast.SelectorExpr (&{fmt Errorf})\n\tposition=17:107\n"
[ERROR][2025-09-19 01:13:23] ...lsp/handlers.lua:562	"2025/09/19 01:13:23 signature help failed: cannot get type for Fun *ast.Ident (numericSequentialId)\n\tposition=11:76\n"
[ERROR][2025-09-19 01:14:13] ...lsp/handlers.lua:562	"2025/09/19 01:14:13 signature help failed: cannot get type for Fun *ast.SelectorExpr (&{strconv Atoi})\n\tposition=41:29\n"
[ERROR][2025-09-19 01:19:29] ...lsp/handlers.lua:562	"2025/09/19 01:19:29 signature help failed: cannot get type for Fun *ast.SelectorExpr (&{errors Is})\n\tposition=21:16\n"
[ERROR][2025-09-19 01:19:31] ...lsp/handlers.lua:562	"2025/09/19 01:19:31 signature help failed: cannot get type for Fun *ast.SelectorExpr (&{errors Is})\n\tposition=21:16\n"
[ERROR][2025-09-19 01:19:34] ...lsp/handlers.lua:562	"2025/09/19 01:19:34 signature help failed: cannot get type for Fun *ast.SelectorExpr (&{errors Is})\n\tposition=21:16\n"
[ERROR][2025-09-19 01:19:35] ...lsp/handlers.lua:562	"2025/09/19 01:19:35 signature help failed: cannot get type for Fun *ast.SelectorExpr (&{errors Is})\n\tposition=21:17\n"
[ERROR][2025-09-19 01:19:35] ...lsp/handlers.lua:562	"2025/09/19 01:19:35 signature help failed: cannot get type for Fun *ast.SelectorExpr (&{errors Is})\n\tposition=21:16\n"
[ERROR][2025-09-19 01:19:37] ...lsp/handlers.lua:562	"2025/09/19 01:19:37 signature help failed: cannot get type for Fun *ast.SelectorExpr (&{errors Is})\n\tposition=21:16\n"
[ERROR][2025-09-19 01:19:44] ...lsp/handlers.lua:562	"2025/09/19 01:19:44 signature help failed: cannot get type for Fun *ast.SelectorExpr (&{errors Is})\n\tposition=21:16\n"
[ERROR][2025-09-19 01:19:45] ...lsp/handlers.lua:562	"2025/09/19 01:19:45 signature help failed: cannot get type for Fun *ast.SelectorExpr (&{errors Is})\n\tposition=21:20\n"
[ERROR][2025-09-19 01:19:46] ...lsp/handlers.lua:562	"2025/09/19 01:19:46 signature help failed: cannot get type for Fun *ast.SelectorExpr (&{errors Is})\n\tposition=21:21\n"
[ERROR][2025-09-19 11:21:12] ...lsp/handlers.lua:562	"2025/09/19 11:21:12 signature help failed: call operand is not a func or type: *ast.Ident (len)\n\tposition=23:18\n"
[ERROR][2025-09-19 11:23:52] ...lsp/handlers.lua:562	"2025/09/19 11:23:52 signature help failed: cannot get type for Fun *ast.SelectorExpr (&{fmt Println})\n\tposition=22:15\n"
[ERROR][2025-09-19 11:25:18] ...lsp/handlers.lua:562	"2025/09/19 11:25:18 signature help failed: cannot get type for Fun *ast.SelectorExpr (&{fmt Println})\n\tposition=15:15\n"
[ERROR][2025-09-19 11:26:28] ...lsp/handlers.lua:562	"2025/09/19 11:26:28 signature help failed: cannot get type for Fun *ast.Ident (n)\n\tposition=14:16\n"
[ERROR][2025-09-19 11:26:29] ...lsp/handlers.lua:562	"2025/09/19 11:26:29 signature help failed: cannot get type for Fun *ast.SelectorExpr (&{fmt Println})\n\tposition=14:15\n"
[ERROR][2025-09-19 11:29:24] ...lsp/handlers.lua:562	"2025/09/19 11:29:24 signature help failed: call operand is not a func or type: *ast.Ident (append)\n\tposition=16:41\n"
[ERROR][2025-09-19 11:29:24] ...lsp/handlers.lua:562	"2025/09/19 11:29:24 signature help failed: call operand is not a func or type: *ast.Ident (append)\n\tposition=16:42\n"
[ERROR][2025-09-19 11:30:51] ...lsp/handlers.lua:562	"2025/09/19 11:30:51 signature help failed: call operand is not a func or type: *ast.Ident (append)\n\tposition=18:15\n"
[ERROR][2025-09-19 11:31:53] ...lsp/handlers.lua:562	"2025/09/19 11:31:53 signature help failed: call operand is not a func or type: *ast.Ident (append)\n\tposition=19:21\n"
[ERROR][2025-09-19 11:31:57] ...lsp/handlers.lua:562	"2025/09/19 11:31:57 signature help failed: call operand is not a func or type: *ast.Ident (len)\n\tposition=21:14\n"
[ERROR][2025-09-19 11:49:24] ...m/lsp/client.lua:619	"LSP[gopls]"	"Cannot find request with id 8226 whilst attempting to cancel"
[START][2025-09-19 17:03:43] LSP logging initiated
[ERROR][2025-09-19 17:03:43] ...lsp/handlers.lua:562	"2025/09/19 17:03:43 signature help failed: call operand is not a func or type: *ast.SelectorExpr (&{s mockChatAPI})\n\tposition=61:15\n"
[START][2025-09-19 18:40:09] LSP logging initiated
[ERROR][2025-09-19 18:40:09] ...lsp/handlers.lua:562	"2025/09/19 18:40:09 signature help failed: cannot get type for Fun *ast.SelectorExpr (&{slices Clone})\n\tposition=37:21\n"
[ERROR][2025-09-19 18:45:00] ...lsp/handlers.lua:562	"2025/09/19 18:45:00 signature help failed: call operand is not a func or type: *ast.Ident (append)\n\tposition=31:19\n"
[ERROR][2025-09-19 18:45:01] ...lsp/handlers.lua:562	"2025/09/19 18:45:01 signature help failed: call operand is not a func or type: *ast.Ident (append)\n\tposition=31:28\n"
[ERROR][2025-09-19 18:45:02] ...lsp/handlers.lua:562	"2025/09/19 18:45:02 signature help failed: call operand is not a func or type: *ast.Ident (append)\n\tposition=31:29\n"
[ERROR][2025-09-19 18:55:49] ...lsp/handlers.lua:562	"2025/09/19 18:55:49 no completions found: failed to collect completions: context canceled\n\tposition=0:15\n"
[ERROR][2025-09-19 18:58:08] ...lsp/handlers.lua:562	"2025/09/19 18:58:08 signature help failed: cannot get type for Fun *ast.SelectorExpr (&{log String})\n\tposition=13:37\n"
[ERROR][2025-09-21 15:46:14] ...lsp/handlers.lua:562	"2025/09/21 15:46:14 signature help failed: call operand is not a func or type: *ast.Ident (new)\n\tposition=38:13\n"
[ERROR][2025-09-21 15:46:56] ...lsp/handlers.lua:562	"2025/09/21 15:46:56 signature help failed: call operand is not a func or type: *ast.Ident (new)\n\tposition=42:13\n"
[ERROR][2025-09-21 15:54:07] ...m/lsp/client.lua:619	"LSP[gopls]"	"Cannot find request with id 2326 whilst attempting to cancel"
[ERROR][2025-09-21 15:55:00] ...lsp/handlers.lua:562	"2025/09/21 15:55:00 signature help failed: call operand is not a func or type: *ast.Ident (append)\n\tposition=61:12\n"
[ERROR][2025-09-21 15:55:01] ...lsp/handlers.lua:562	"2025/09/21 15:55:01 signature help failed: call operand is not a func or type: *ast.Ident (append)\n\tposition=61:14\n"
[ERROR][2025-09-21 15:55:02] ...lsp/handlers.lua:562	"2025/09/21 15:55:02 signature help failed: call operand is not a func or type: *ast.Ident (append)\n\tposition=61:15\n"
[ERROR][2025-09-21 16:04:08] ...lsp/handlers.lua:562	"2025/09/21 16:04:08 signature help failed: cannot get type for Fun *ast.SelectorExpr (&{foundation StorageAppend})\n\tposition=14:26\n"
[ERROR][2025-09-21 16:04:09] ...lsp/handlers.lua:562	"2025/09/21 16:04:09 signature help failed: cannot get type for Fun *ast.SelectorExpr (&{foundation StorageAppend})\n\tposition=14:30\n"
[ERROR][2025-09-21 16:04:10] ...lsp/handlers.lua:562	"2025/09/21 16:04:10 signature help failed: cannot get type for Fun *ast.SelectorExpr (&{foundation StorageAppend})\n\tposition=14:31\n"
[ERROR][2025-09-21 16:04:13] ...lsp/handlers.lua:562	"2025/09/21 16:04:13 signature help failed: cannot get type for Fun *ast.SelectorExpr (&{foundation StorageAppend})\n\tposition=14:41\n"
[ERROR][2025-09-21 16:04:13] ...lsp/handlers.lua:562	"2025/09/21 16:04:13 signature help failed: cannot get type for Fun *ast.SelectorExpr (&{foundation StorageAppend})\n\tposition=14:42\n"
[ERROR][2025-09-21 16:11:47] ...lsp/handlers.lua:562	"2025/09/21 16:11:47 signature help failed: cannot get type for Fun *ast.SelectorExpr (&{fmt Println})\n\tposition=16:14\n"
[ERROR][2025-09-21 16:20:03] ...lsp/handlers.lua:562	"2025/09/21 16:20:03 signature help failed: cannot get type for Fun *ast.SelectorExpr (&{logger Log})\n\tposition=23:15\n"
[ERROR][2025-09-21 16:27:22] ...lsp/handlers.lua:562	"2025/09/21 16:27:22 signature help failed: call operand is not a func or type: *ast.Ident (append)\n\tposition=41:18\n"
[ERROR][2025-09-21 16:27:23] ...lsp/handlers.lua:562	"2025/09/21 16:27:23 signature help failed: call operand is not a func or type: *ast.Ident (append)\n\tposition=41:25\n"
[ERROR][2025-09-21 16:27:23] ...lsp/handlers.lua:562	"2025/09/21 16:27:23 signature help failed: call operand is not a func or type: *ast.Ident (append)\n\tposition=41:26\n"
[START][2025-09-21 23:58:46] LSP logging initiated
[ERROR][2025-09-21 23:58:46] ...lsp/handlers.lua:562	"2025/09/21 23:58:46 signature help failed: cannot get type for Fun *ast.SelectorExpr (&{fmt Println})\n\tposition=39:14\n"
[ERROR][2025-09-22 00:28:33] ...lsp/handlers.lua:562	"2025/09/22 00:28:33 signature help failed: cannot get type for Fun *ast.Ident (composeKey)\n\tposition=31:32\n"
[ERROR][2025-09-22 00:28:33] ...lsp/handlers.lua:562	"2025/09/22 00:28:33 signature help failed: cannot get type for Fun *ast.Ident (composeKey)\n\tposition=31:35\n"
[ERROR][2025-09-22 00:28:33] ...lsp/handlers.lua:562	"2025/09/22 00:28:33 signature help failed: cannot get type for Fun *ast.Ident (composeKey)\n\tposition=31:36\n"
[ERROR][2025-09-22 00:28:51] ...lsp/handlers.lua:562	"2025/09/22 00:28:51 signature help failed: cannot get type for Fun *ast.Ident (composeKey)\n\tposition=31:27\n"
[ERROR][2025-09-22 00:28:51] ...lsp/handlers.lua:562	"2025/09/22 00:28:51 signature help failed: cannot get type for Fun *ast.Ident (composeKey)\n\tposition=31:30\n"
[ERROR][2025-09-22 00:28:52] ...lsp/handlers.lua:562	"2025/09/22 00:28:52 signature help failed: cannot get type for Fun *ast.Ident (composeKey)\n\tposition=31:31\n"
[ERROR][2025-09-22 00:29:40] ...lsp/handlers.lua:562	"2025/09/22 00:29:40 signature help failed: cannot get type for Fun *ast.Ident (composeKey)\n\tposition=52:27\n"
[ERROR][2025-09-22 00:29:41] ...lsp/handlers.lua:562	"2025/09/22 00:29:41 signature help failed: cannot get type for Fun *ast.Ident (composeKey)\n\tposition=52:30\n"
[ERROR][2025-09-22 00:29:42] ...lsp/handlers.lua:562	"2025/09/22 00:29:42 signature help failed: cannot get type for Fun *ast.Ident (composeKey)\n\tposition=52:31\n"
[ERROR][2025-09-22 00:29:42] ...lsp/handlers.lua:562	"2025/09/22 00:29:42 signature help failed: cannot get type for Fun *ast.Ident (composeKey)\n\tposition=52:30\n"
[ERROR][2025-09-22 00:29:43] ...lsp/handlers.lua:562	"2025/09/22 00:29:43 signature help failed: cannot get type for Fun *ast.Ident (composeKey)\n\tposition=52:31\n"
[ERROR][2025-09-22 00:30:06] ...lsp/handlers.lua:562	"2025/09/22 00:30:06 signature help failed: cannot get type for Fun *ast.Ident (composeKey)\n\tposition=70:27\n"
[ERROR][2025-09-22 00:31:04] ...lsp/handlers.lua:562	"2025/09/22 00:31:04 signature help failed: cannot get type for Fun *ast.Ident (composeKey)\n\tposition=84:26\n"
[ERROR][2025-09-22 00:31:04] ...lsp/handlers.lua:562	"2025/09/22 00:31:04 signature help failed: cannot get type for Fun *ast.Ident (composeKey)\n\tposition=84:29\n"
[ERROR][2025-09-22 00:31:05] ...lsp/handlers.lua:562	"2025/09/22 00:31:05 signature help failed: cannot get type for Fun *ast.Ident (composeKey)\n\tposition=84:30\n"
[ERROR][2025-09-22 01:19:34] ...lsp/handlers.lua:562	"2025/09/22 01:19:34 signature help failed: call operand is not a func or type: *ast.Ident (emptyFieldsCtx)\n\tposition=18:49\n"
[ERROR][2025-09-22 01:21:30] ...lsp/handlers.lua:562	"2025/09/22 01:21:30 signature help failed: cannot get type for Fun *ast.SelectorExpr (&{fmt Println})\n\tposition=15:15\n"
[ERROR][2025-09-22 01:22:22] ...lsp/handlers.lua:562	"2025/09/22 01:22:22 signature help failed: cannot get type for Fun *ast.SelectorExpr (&{fmt Println})\n\tposition=40:13\n"
[ERROR][2025-09-22 01:56:46] ...lsp/handlers.lua:562	"2025/09/22 01:56:46 signature help failed: cannot get type for Fun *ast.Ident (appen)\n\tposition=84:33\n"
[ERROR][2025-09-22 01:56:51] ...lsp/handlers.lua:562	"2025/09/22 01:56:51 signature help failed: cannot get type for Fun *ast.Ident (appen)\n\tposition=84:33\n"
[ERROR][2025-09-22 01:56:53] ...lsp/handlers.lua:562	"2025/09/22 01:56:53 signature help failed: cannot get type for Fun *ast.Ident (appen)\n\tposition=84:35\n"
[ERROR][2025-09-22 01:56:54] ...lsp/handlers.lua:562	"2025/09/22 01:56:54 signature help failed: cannot get type for Fun *ast.Ident (appen)\n\tposition=84:36\n"
[ERROR][2025-09-22 01:56:59] ...lsp/handlers.lua:562	"2025/09/22 01:56:59 signature help failed: cannot get type for Fun *ast.Ident (appen)\n\tposition=84:33\n"
[ERROR][2025-09-22 02:03:24] ...lsp/handlers.lua:562	"2025/09/22 02:03:24 signature help failed: cannot get type for Fun *ast.Ident (composeKey)\n\tposition=93:26\n"
[ERROR][2025-09-22 02:05:22] ...lsp/handlers.lua:562	"2025/09/22 02:05:22 signature help failed: cannot get type for Fun *ast.Ident (storageSet)\n\tposition=32:19\n"
[ERROR][2025-09-22 02:05:23] ...lsp/handlers.lua:562	"2025/09/22 02:05:23 signature help failed: cannot get type for Fun *ast.Ident (storageSet)\n\tposition=32:23\n"
[ERROR][2025-09-22 02:05:23] ...lsp/handlers.lua:562	"2025/09/22 02:05:23 signature help failed: cannot get type for Fun *ast.Ident (storageSet)\n\tposition=32:24\n"
[ERROR][2025-09-22 02:05:26] ...lsp/handlers.lua:562	"2025/09/22 02:05:26 signature help failed: cannot get type for Fun *ast.Ident (storageSet)\n\tposition=32:27\n"
[ERROR][2025-09-22 02:05:26] ...lsp/handlers.lua:562	"2025/09/22 02:05:26 signature help failed: cannot get type for Fun *ast.Ident (storageSet)\n\tposition=32:28\n"
[ERROR][2025-09-22 02:06:49] ...lsp/handlers.lua:562	"2025/09/22 02:06:49 signature help failed: cannot get type for Fun *ast.Ident (storageGet)\n\tposition=52:19\n"
[ERROR][2025-09-22 02:06:51] ...lsp/handlers.lua:562	"2025/09/22 02:06:51 signature help failed: cannot get type for Fun *ast.Ident (storageGet)\n\tposition=52:23\n"
[ERROR][2025-09-22 02:06:51] ...lsp/handlers.lua:562	"2025/09/22 02:06:51 signature help failed: cannot get type for Fun *ast.Ident (storageGet)\n\tposition=52:24\n"
[ERROR][2025-09-22 02:12:06] ...lsp/handlers.lua:562	"2025/09/22 02:12:06 signature help failed: call operand is not a func or type: *ast.Ident (append)\n\tposition=84:32\n"
[ERROR][2025-09-22 02:12:06] ...lsp/handlers.lua:562	"2025/09/22 02:12:06 signature help failed: call operand is not a func or type: *ast.Ident (append)\n\tposition=84:32\n"
[ERROR][2025-09-22 02:12:07] ...lsp/handlers.lua:562	"2025/09/22 02:12:07 signature help failed: call operand is not a func or type: *ast.Ident (append)\n\tposition=84:34\n"
[ERROR][2025-09-22 02:12:07] ...lsp/handlers.lua:562	"2025/09/22 02:12:07 signature help failed: call operand is not a func or type: *ast.Ident (append)\n\tposition=84:34\n"
[ERROR][2025-09-22 02:12:08] ...lsp/handlers.lua:562	"2025/09/22 02:12:08 signature help failed: call operand is not a func or type: *ast.Ident (append)\n\tposition=84:35\n"
[ERROR][2025-09-22 02:12:08] ...lsp/handlers.lua:562	"2025/09/22 02:12:08 signature help failed: call operand is not a func or type: *ast.Ident (append)\n\tposition=84:35\n"
[ERROR][2025-09-22 02:12:46] ...lsp/handlers.lua:562	"2025/09/22 02:12:46 signature help failed: call operand is not a func or type: *ast.Ident (append)\n\tposition=84:20\n"
[ERROR][2025-09-22 02:12:46] ...lsp/handlers.lua:562	"2025/09/22 02:12:46 signature help failed: call operand is not a func or type: *ast.Ident (append)\n\tposition=84:20\n"
[ERROR][2025-09-22 02:12:48] ...lsp/handlers.lua:562	"2025/09/22 02:12:48 signature help failed: call operand is not a func or type: *ast.Ident (append)\n\tposition=84:22\n"
[ERROR][2025-09-22 02:12:48] ...lsp/handlers.lua:562	"2025/09/22 02:12:48 signature help failed: call operand is not a func or type: *ast.Ident (append)\n\tposition=84:22\n"
[ERROR][2025-09-22 02:12:48] ...lsp/handlers.lua:562	"2025/09/22 02:12:48 signature help failed: call operand is not a func or type: *ast.Ident (append)\n\tposition=84:23\n"
[ERROR][2025-09-22 02:12:48] ...lsp/handlers.lua:562	"2025/09/22 02:12:48 signature help failed: call operand is not a func or type: *ast.Ident (append)\n\tposition=84:23\n"
[ERROR][2025-09-22 02:16:33] ...lsp/handlers.lua:562	"2025/09/22 02:16:33 signature help failed: cannot get type for Fun *ast.SelectorExpr (&{logger With})\n\tposition=24:13\n"
[ERROR][2025-09-22 02:16:35] ...lsp/handlers.lua:562	"2025/09/22 02:16:35 signature help failed: cannot get type for Fun *ast.SelectorExpr (&{logger With})\n\tposition=24:17\n"
[ERROR][2025-09-22 02:16:36] ...lsp/handlers.lua:562	"2025/09/22 02:16:36 signature help failed: cannot get type for Fun *ast.SelectorExpr (&{logger With})\n\tposition=24:18\n"
[ERROR][2025-09-22 02:16:39] ...lsp/handlers.lua:562	"2025/09/22 02:16:39 signature help failed: cannot get type for Fun *ast.SelectorExpr (&{logger Int})\n\tposition=24:29\n"
[ERROR][2025-09-22 02:16:43] ...lsp/handlers.lua:562	"2025/09/22 02:16:43 signature help failed: cannot get type for Fun *ast.SelectorExpr (&{logger Int})\n\tposition=24:46\n"
[ERROR][2025-09-22 02:16:43] ...lsp/handlers.lua:562	"2025/09/22 02:16:43 signature help failed: cannot get type for Fun *ast.SelectorExpr (&{logger Int})\n\tposition=24:47\n"
[ERROR][2025-09-22 02:16:44] ...lsp/handlers.lua:562	"2025/09/22 02:16:44 signature help failed: cannot get type for Fun *ast.SelectorExpr (&{logger Int})\n\tposition=24:47\n"
[START][2025-09-22 11:27:09] LSP logging initiated
[ERROR][2025-09-22 11:27:09] ...lsp/handlers.lua:562	"2025/09/22 11:27:09 no completions found: getting file file:///Users/akoffler/projects/meli/fury_cx-contact-hub-mcp/internal/foundation/transient_storage.go for Completion: context canceled (package completions: context canceled)\n\tposition=2:1\n"
[ERROR][2025-09-22 11:28:44] ...lsp/handlers.lua:562	"2025/09/22 11:28:44 signature help failed: cannot get type for Fun *ast.SelectorExpr (&{logger With})\n\tposition=24:13\n"
[ERROR][2025-09-22 11:28:47] ...lsp/handlers.lua:562	"2025/09/22 11:28:47 signature help failed: cannot get type for Fun *ast.SelectorExpr (&{logger With})\n\tposition=24:17\n"
[ERROR][2025-09-22 11:28:47] ...lsp/handlers.lua:562	"2025/09/22 11:28:47 signature help failed: cannot get type for Fun *ast.SelectorExpr (&{logger With})\n\tposition=24:18\n"
[ERROR][2025-09-22 11:28:50] ...lsp/handlers.lua:562	"2025/09/22 11:28:50 signature help failed: cannot get type for Fun *ast.SelectorExpr (&{logger String})\n\tposition=24:32\n"
[ERROR][2025-09-22 11:29:08] ...lsp/handlers.lua:562	"2025/09/22 11:29:08 signature help failed: cannot get type for Fun *ast.SelectorExpr (&{logger String})\n\tposition=24:42\n"
[ERROR][2025-09-22 11:29:08] ...lsp/handlers.lua:562	"2025/09/22 11:29:08 signature help failed: cannot get type for Fun *ast.SelectorExpr (&{logger String})\n\tposition=24:43\n"
[ERROR][2025-09-22 11:29:27] ...lsp/handlers.lua:562	"2025/09/22 11:29:27 signature help failed: cannot get type for Fun *ast.SelectorExpr (&{log With})\n\tposition=26:10\n"
[ERROR][2025-09-22 11:29:57] ...lsp/handlers.lua:562	"2025/09/22 11:29:57 signature help failed: cannot get type for Fun *ast.SelectorExpr (&{log With})\n\tposition=25:15\n"
[START][2025-09-22 15:08:40] LSP logging initiated
[ERROR][2025-09-22 15:08:40] ...lsp/handlers.lua:562	"2025/09/22 15:08:40 signature help failed: cannot get type for Fun *ast.SelectorExpr (&{bufio NewReader})\n\tposition=28:17\n"
[ERROR][2025-09-22 15:08:40] ...lsp/handlers.lua:562	"2025/09/22 15:08:40 signature help failed: cannot get type for Fun *ast.CallExpr (&{0x14042f99500 80984766 [] 0 80984767})\n\tposition=28:19\n"
[ERROR][2025-09-22 15:08:49] ...lsp/handlers.lua:562	"2025/09/22 15:08:49 signature help failed: cannot get type for Fun *ast.SelectorExpr (&{os Open})\n\tposition=28:25\n"
[ERROR][2025-09-22 15:09:50] ...lsp/handlers.lua:562	"2025/09/22 15:09:50 signature help failed: call operand is not a func or type: *ast.Ident (make)\n\tposition=32:11\n"
[ERROR][2025-09-22 15:09:51] ...lsp/handlers.lua:562	"2025/09/22 15:09:51 signature help failed: call operand is not a func or type: *ast.Ident (make)\n\tposition=32:18\n"
[ERROR][2025-09-22 15:09:51] ...lsp/handlers.lua:562	"2025/09/22 15:09:51 signature help failed: call operand is not a func or type: *ast.Ident (make)\n\tposition=32:19\n"
[ERROR][2025-09-22 15:09:52] ...lsp/handlers.lua:562	"2025/09/22 15:09:52 signature help failed: call operand is not a func or type: *ast.Ident (make)\n\tposition=32:22\n"
[ERROR][2025-09-22 15:10:35] ...lsp/handlers.lua:562	"2025/09/22 15:10:35 signature help failed: cannot get type for Fun *ast.Ident (malloc)\n\tposition=33:8\n"
[ERROR][2025-09-22 15:15:33] ...lsp/handlers.lua:562	"2025/09/22 15:15:33 signature help failed: cannot get type for Fun *ast.SelectorExpr (&{_store Store})\n\tposition=31:14\n"
[ERROR][2025-09-22 15:24:21] ...lsp/handlers.lua:562	"2025/09/22 15:24:21 signature help failed: cannot get type for Fun *ast.SelectorExpr (&{logger With})\n\tposition=24:13\n"
[ERROR][2025-09-22 15:24:22] ...lsp/handlers.lua:562	"2025/09/22 15:24:22 signature help failed: cannot get type for Fun *ast.SelectorExpr (&{logger With})\n\tposition=24:13\n"
[ERROR][2025-09-22 15:24:23] ...lsp/handlers.lua:562	"2025/09/22 15:24:23 signature help failed: cannot get type for Fun *ast.SelectorExpr (&{logger With})\n\tposition=24:17\n"
[ERROR][2025-09-22 15:24:23] ...lsp/handlers.lua:562	"2025/09/22 15:24:23 signature help failed: cannot get type for Fun *ast.SelectorExpr (&{logger With})\n\tposition=24:18\n"
[ERROR][2025-09-22 15:24:24] ...lsp/handlers.lua:562	"2025/09/22 15:24:24 signature help failed: cannot get type for Fun *ast.SelectorExpr (&{logger With})\n\tposition=24:18\n"
[ERROR][2025-09-22 15:24:26] ...lsp/handlers.lua:562	"2025/09/22 15:24:26 signature help failed: cannot get type for Fun *ast.SelectorExpr (&{logger String})\n\tposition=24:32\n"
[ERROR][2025-09-22 15:24:39] ...lsp/handlers.lua:562	"2025/09/22 15:24:39 signature help failed: cannot get type for Fun *ast.SelectorExpr (&{logger String})\n\tposition=24:48\n"
[ERROR][2025-09-22 15:24:39] ...lsp/handlers.lua:562	"2025/09/22 15:24:39 signature help failed: cannot get type for Fun *ast.SelectorExpr (&{logger String})\n\tposition=24:49\n"
[START][2025-09-22 17:29:52] LSP logging initiated
[ERROR][2025-09-22 17:29:52] ...lsp/handlers.lua:562	"2025/09/22 17:29:52 signature help failed: cannot get type for Fun *ast.SelectorExpr (&{errors New})\n\tposition=91:20\n"
[START][2025-09-25 10:55:08] LSP logging initiated
[ERROR][2025-09-25 10:55:08] ...lsp/handlers.lua:562	"2025/09/25 10:55:08 signature help failed: cannot get type for Fun *ast.SelectorExpr (&{fmt Println})\n\tposition=23:14\n"
[ERROR][2025-09-25 11:26:01] ...lsp/handlers.lua:562	"2025/09/25 11:26:01 signature help failed: cannot get type for Fun *ast.Ident (validateBody)\n\tposition=14:14\n"
[ERROR][2025-09-25 11:26:22] ...lsp/handlers.lua:562	"2025/09/25 11:26:22 signature help failed: cannot get type for Fun *ast.Ident (processUpstreamResponse)\n\tposition=14:45\n"
[ERROR][2025-09-25 11:26:23] ...lsp/handlers.lua:562	"2025/09/25 11:26:23 signature help failed: cannot get type for Fun *ast.Ident (processUpstreamResponse)\n\tposition=14:45\n"
[ERROR][2025-09-25 11:26:24] ...lsp/handlers.lua:562	"2025/09/25 11:26:24 signature help failed: cannot get type for Fun *ast.Ident (processUpstreamResponse)\n\tposition=14:54\n"
[ERROR][2025-09-25 11:26:24] ...lsp/handlers.lua:562	"2025/09/25 11:26:24 signature help failed: cannot get type for Fun *ast.Ident (processUpstreamResponse)\n\tposition=14:55\n"
[ERROR][2025-09-25 11:26:26] ...lsp/handlers.lua:562	"2025/09/25 11:26:26 signature help failed: cannot get type for Fun *ast.Ident (processUpstreamResponse)\n\tposition=14:54\n"
[ERROR][2025-09-25 11:26:27] ...lsp/handlers.lua:562	"2025/09/25 11:26:27 signature help failed: cannot get type for Fun *ast.Ident (processUpstreamResponse)\n\tposition=14:50\n"
[ERROR][2025-09-25 11:26:27] ...lsp/handlers.lua:562	"2025/09/25 11:26:27 signature help failed: cannot get type for Fun *ast.Ident (processUpstreamResponse)\n\tposition=14:51\n"
[ERROR][2025-09-25 15:13:37] ...lsp/handlers.lua:562	"2025/09/25 15:13:37 signature help failed: cannot get type for Fun *ast.SelectorExpr (&{strings Split})\n\tposition=29:24\n"
[ERROR][2025-09-25 15:13:48] ...lsp/handlers.lua:562	"2025/09/25 15:13:48 signature help failed: cannot get type for Fun *ast.SelectorExpr (&{strings Split})\n\tposition=29:24\n"
[ERROR][2025-09-25 15:13:50] ...lsp/handlers.lua:562	"2025/09/25 15:13:50 signature help failed: cannot get type for Fun *ast.SelectorExpr (&{strings Split})\n\tposition=29:36\n"
[ERROR][2025-09-25 15:13:50] ...lsp/handlers.lua:562	"2025/09/25 15:13:50 signature help failed: cannot get type for Fun *ast.SelectorExpr (&{strings Split})\n\tposition=29:37\n"
[ERROR][2025-09-25 15:13:58] ...lsp/handlers.lua:562	"2025/09/25 15:13:58 signature help failed: cannot get type for Fun *ast.SelectorExpr (&{strings Split})\n\tposition=29:53\n"
[ERROR][2025-09-25 15:30:13] ...lsp/handlers.lua:562	"2025/09/25 15:30:13 signature help failed: cannot get type for Fun *ast.SelectorExpr (&{logger Warn})\n\tposition=45:14\n"
[ERROR][2025-09-25 15:41:41] ...lsp/handlers.lua:562	"2025/09/25 15:41:41 signature help failed: call operand is not a func or type: *ast.Ident (min)\n\tposition=41:18\n"
[ERROR][2025-09-25 15:41:44] ...lsp/handlers.lua:562	"2025/09/25 15:41:44 signature help failed: call operand is not a func or type: *ast.Ident (len)\n\tposition=41:22\n"
[ERROR][2025-09-25 15:41:47] ...lsp/handlers.lua:562	"2025/09/25 15:41:47 signature help failed: call operand is not a func or type: *ast.Ident (len)\n\tposition=41:31\n"
[ERROR][2025-09-25 15:41:47] ...lsp/handlers.lua:562	"2025/09/25 15:41:47 signature help failed: call operand is not a func or type: *ast.Ident (len)\n\tposition=41:32\n"
[ERROR][2025-09-25 16:00:38] ...lsp/handlers.lua:562	"2025/09/25 16:00:38 signature help failed: call operand is not a func or type: *ast.Ident (len)\n\tposition=43:9\n"
[ERROR][2025-09-25 16:00:58] ...lsp/handlers.lua:562	"2025/09/25 16:00:58 signature help failed: call operand is not a func or type: *ast.Ident (len)\n\tposition=45:9\n"
[ERROR][2025-09-25 16:01:37] ...lsp/handlers.lua:562	"2025/09/25 16:01:37 signature help failed: call operand is not a func or type: *ast.Ident (len)\n\tposition=41:17\n"
[ERROR][2025-09-25 16:02:05] ...lsp/handlers.lua:562	"2025/09/25 16:02:05 signature help failed: call operand is not a func or type: *ast.Ident (len)\n\tposition=42:21\n"
[ERROR][2025-09-25 16:02:10] ...lsp/handlers.lua:562	"2025/09/25 16:02:10 signature help failed: call operand is not a func or type: *ast.Ident (min)\n\tposition=46:18\n"
[ERROR][2025-09-25 16:02:19] ...lsp/handlers.lua:562	"2025/09/25 16:02:19 signature help failed: call operand is not a func or type: *ast.Ident (min)\n\tposition=46:18\n"
[ERROR][2025-09-25 16:03:27] ...lsp/handlers.lua:562	"2025/09/25 16:03:27 signature help failed: call operand is not a func or type: *ast.Ident (min)\n\tposition=41:18\n"
[ERROR][2025-09-25 16:03:28] ...lsp/handlers.lua:562	"2025/09/25 16:03:28 signature help failed: call operand is not a func or type: *ast.Ident (len)\n\tposition=41:22\n"
[ERROR][2025-09-25 16:03:30] ...lsp/handlers.lua:562	"2025/09/25 16:03:30 signature help failed: call operand is not a func or type: *ast.Ident (len)\n\tposition=41:22\n"
[ERROR][2025-09-25 16:08:46] ...lsp/handlers.lua:562	"2025/09/25 16:08:46 signature help failed: cannot get type for Fun *ast.SelectorExpr (&{res UpstreamResponse})\n\tposition=106:28\n"
[START][2025-10-07 18:44:56] LSP logging initiated
[ERROR][2025-10-07 18:44:56] ...lsp/handlers.lua:562	"2025/10/07 18:44:56 signature help failed: cannot get type for Fun *ast.SelectorExpr (&{errors New})\n\tposition=8:34\n"
[START][2025-10-13 10:47:29] LSP logging initiated
[ERROR][2025-10-13 10:47:29] ...lsp/handlers.lua:562	"2025/10/13 10:47:29 signature help failed: cannot get type for Fun *ast.SelectorExpr (&{strings Split})\n\tposition=47:32\n"
[ERROR][2025-10-13 10:47:31] ...lsp/handlers.lua:562	"2025/10/13 10:47:31 signature help failed: cannot get type for Fun *ast.SelectorExpr (&{strings Split})\n\tposition=47:43\n"
[ERROR][2025-10-13 10:47:31] ...lsp/handlers.lua:562	"2025/10/13 10:47:31 signature help failed: cannot get type for Fun *ast.SelectorExpr (&{strings Split})\n\tposition=47:44\n"
[START][2025-10-16 23:58:06] LSP logging initiated
[ERROR][2025-10-16 23:58:06] ...m/lsp/client.lua:619	"LSP[gopls]"	"Cannot find request with id 26 whilst attempting to cancel"
[START][2025-10-17 15:23:29] LSP logging initiated
[ERROR][2025-10-17 15:23:29] ...lsp/handlers.lua:562	"2025/10/17 15:23:29 signature help failed: cannot get type for Fun *ast.SelectorExpr (&{log Debug})\n\tposition=15:11\n"
[ERROR][2025-10-17 15:23:31] ...lsp/handlers.lua:562	"2025/10/17 15:23:31 signature help failed: cannot get type for Fun *ast.SelectorExpr (&{log Debug})\n\tposition=15:15\n"
[ERROR][2025-10-17 15:23:31] ...lsp/handlers.lua:562	"2025/10/17 15:23:31 signature help failed: cannot get type for Fun *ast.SelectorExpr (&{log Debug})\n\tposition=15:16\n"
[ERROR][2025-10-17 15:23:32] ...lsp/handlers.lua:562	"2025/10/17 15:23:32 signature help failed: cannot get type for Fun *ast.SelectorExpr (&{log String})\n\tposition=15:27\n"
[ERROR][2025-10-17 15:23:34] ...lsp/handlers.lua:562	"2025/10/17 15:23:34 signature help failed: cannot get type for Fun *ast.SelectorExpr (&{log String})\n\tposition=15:30\n"
[ERROR][2025-10-17 15:23:34] ...lsp/handlers.lua:562	"2025/10/17 15:23:34 signature help failed: cannot get type for Fun *ast.SelectorExpr (&{log String})\n\tposition=15:31\n"
[START][2025-10-30 12:14:09] LSP logging initiated
[ERROR][2025-10-30 12:14:09] ...lsp/handlers.lua:562	"2025/10/30 12:14:09 signature help failed: cannot get type for Fun *ast.Ident (extractReopenContactHeaders)\n\tposition=25:45\n"
[ERROR][2025-10-30 12:16:58] ...lsp/handlers.lua:562	"2025/10/30 12:16:58 signature help failed: cannot get type for Fun *ast.Ident (buildReopenContactBizInput)\n\tposition=30:63\n"
[ERROR][2025-10-30 12:16:59] ...lsp/handlers.lua:562	"2025/10/30 12:16:59 signature help failed: cannot get type for Fun *ast.Ident (buildReopenContactBizInput)\n\tposition=30:68\n"
[ERROR][2025-10-30 12:16:59] ...lsp/handlers.lua:562	"2025/10/30 12:16:59 signature help failed: cannot get type for Fun *ast.Ident (buildReopenContactBizInput)\n\tposition=30:69\n"
[ERROR][2025-10-30 12:19:44] ...lsp/handlers.lua:562	"2025/10/30 12:19:44 signature help failed: cannot get type for Fun *ast.SelectorExpr (&{errors New})\n\tposition=63:21\n"
[ERROR][2025-10-30 12:20:51] ...lsp/handlers.lua:562	"2025/10/30 12:20:51 signature help failed: cannot get type for Fun *ast.SelectorExpr (&{strconv Atoi})\n\tposition=61:14\n"
[ERROR][2025-10-30 12:20:55] ...lsp/handlers.lua:562	"2025/10/30 12:20:55 signature help failed: cannot get type for Fun *ast.SelectorExpr (&{strconv Atoi})\n\tposition=61:14\n"
[START][2025-10-30 16:32:48] LSP logging initiated
[ERROR][2025-10-30 16:32:48] ...m/lsp/client.lua:619	"LSP[gopls]"	"Cannot find request with id 751 whilst attempting to cancel"
[ERROR][2025-11-03 11:12:19] ...lsp/handlers.lua:562	"2025/11/03 11:12:19 signature help failed: cannot get type for Fun *ast.SelectorExpr (&{fmt Errof})\n\tposition=128:19\n"
[ERROR][2025-11-03 11:26:17] ...lsp/handlers.lua:562	"2025/11/03 11:26:17 signature help failed: call operand is not a func or type: *ast.Ident (panic)\n\tposition=53:8\n"
[ERROR][2025-11-03 11:26:19] ...lsp/handlers.lua:562	"2025/11/03 11:26:19 signature help failed: call operand is not a func or type: *ast.Ident (panic)\n\tposition=53:8\n"
[ERROR][2025-11-03 11:26:54] ...lsp/handlers.lua:562	"2025/11/03 11:26:54 signature help failed: call operand is not a func or type: *ast.Ident (panic)\n\tposition=53:8\n"
[ERROR][2025-11-03 11:27:00] ...lsp/handlers.lua:562	"2025/11/03 11:27:00 signature help failed: call operand is not a func or type: *ast.Ident (panic)\n\tposition=53:8\n"
[ERROR][2025-11-03 11:27:40] ...m/lsp/client.lua:619	"LSP[gopls]"	"Cannot find request with id 2661 whilst attempting to cancel"
[ERROR][2025-11-03 11:29:20] ...lsp/handlers.lua:562	"2025/11/03 11:29:20 signature help failed: cannot get type for Fun *ast.SelectorExpr (&{t Context})\n\tposition=41:70\n"
[ERROR][2025-11-03 11:48:11] ...lsp/handlers.lua:562	"2025/11/03 11:48:11 signature help failed: cannot get type for Fun *ast.SelectorExpr (&{fmt Println})\n\tposition=39:13\n"
[ERROR][2025-11-03 11:48:21] ...lsp/handlers.lua:562	"2025/11/03 11:48:21 signature help failed: cannot get type for Fun *ast.SelectorExpr (&{fmt Println})\n\tposition=39:37\n"
[ERROR][2025-11-03 11:51:01] ...lsp/handlers.lua:562	"2025/11/03 11:51:01 signature help failed: cannot get type for Fun *ast.SelectorExpr (&{time Sleep})\n\tposition=149:12\n"
[ERROR][2025-11-03 16:13:12] ...m/lsp/client.lua:619	"LSP[gopls]"	"Cannot find request with id 4000 whilst attempting to cancel"
[ERROR][2025-11-03 16:21:49] ...lsp/handlers.lua:562	"2025/11/03 16:21:49 signature help failed: cannot get type for Fun *ast.SelectorExpr (&{s InitializeClient})\n\tposition=163:26\n"
[ERROR][2025-11-03 17:57:29] ...m/lsp/client.lua:619	"LSP[gopls]"	"Cannot find request with id 4499 whilst attempting to cancel"
[ERROR][2025-11-03 17:58:01] ...m/lsp/client.lua:619	"LSP[gopls]"	"Cannot find request with id 4535 whilst attempting to cancel"
[START][2025-11-03 18:10:20] LSP logging initiated
[ERROR][2025-11-03 18:10:20] ...m/lsp/client.lua:619	"LSP[gopls]"	"Cannot find request with id 325 whilst attempting to cancel"
[START][2025-12-02 14:46:07] LSP logging initiated
[ERROR][2025-12-02 14:46:07] ...lsp/handlers.lua:562	"2025/12/02 14:46:07 signature help failed: cannot get type for Fun *ast.SelectorExpr (&{s orchestrateVerdiTaskCreationWithExistingContext})\n\tposition=28:58\n"
[ERROR][2025-12-02 14:47:36] ...lsp/handlers.lua:562	"2025/12/02 14:47:36 signature help failed: cannot get type for Fun *ast.SelectorExpr (&{s createCase})\n\tposition=41:40\n"
[START][2025-12-10 17:55:43] LSP logging initiated
[ERROR][2025-12-10 17:55:43] ...m/lsp/client.lua:619	"LSP[gopls]"	"Cannot find request with id 275 whilst attempting to cancel"
[ERROR][2025-12-10 18:02:01] ...lsp/handlers.lua:562	"2025/12/10 18:02:01 signature help failed: call operand is not a func or type: *ast.Ident (len)\n\tposition=80:32\n"
[START][2025-12-10 18:13:26] LSP logging initiated
[ERROR][2025-12-10 18:13:26] ...lsp/handlers.lua:562	"2025/12/10 18:13:26 signature help failed: cannot get type for Fun *ast.SelectorExpr (&{uuid Validate})\n\tposition=77:19\n"
[ERROR][2025-12-11 00:26:38] ...m/lsp/client.lua:619	"LSP[gopls]"	"Cannot find request with id 210 whilst attempting to cancel"
[START][2025-12-11 12:14:50] LSP logging initiated
[ERROR][2025-12-11 12:14:50] ...m/lsp/client.lua:619	"LSP[gopls]"	"Cannot find request with id 156 whilst attempting to cancel"
[START][2025-12-11 12:39:44] LSP logging initiated
[ERROR][2025-12-11 12:39:44] ...m/lsp/client.lua:619	"LSP[gopls]"	"Cannot find request with id 164 whilst attempting to cancel"
[START][2025-12-16 11:19:05] LSP logging initiated
[ERROR][2025-12-16 11:19:05] ...lsp/handlers.lua:562	"2025/12/16 11:19:05 signature help failed: cannot get type for Fun *ast.SelectorExpr (&{strconv FormatInt})\n\tposition=97:32\n"
[ERROR][2025-12-16 11:19:06] ...lsp/handlers.lua:562	"2025/12/16 11:19:06 signature help failed: cannot get type for Fun *ast.SelectorExpr (&{strconv FormatInt})\n\tposition=97:32\n"
[START][2025-12-18 18:27:37] LSP logging initiated
[ERROR][2025-12-18 18:27:37] ...lsp/handlers.lua:562	"2025/12/18 18:27:37 no completions found: getting file file:///Users/akoffler/projects/meli/fury_cx-realtime-data-agents/internal/infrastructure/outbound/stream/mxbank_writer.go for Completion: <nil> (package completions: invalid position for package completion: cursor in non-matching ident)\n\tposition=0:1\n"
[ERROR][2025-12-18 18:27:37] ...lsp/handlers.lua:562	"2025/12/18 18:27:37 no completions found: getting file file:///Users/akoffler/projects/meli/fury_cx-realtime-data-agents/internal/infrastructure/outbound/stream/mxbank_writer.go for Completion: <nil> (package completions: invalid position for package completion: cursor in non-matching ident)\n\tposition=0:2\n"
[ERROR][2025-12-18 18:27:38] ...lsp/handlers.lua:562	"2025/12/18 18:27:38 no completions found: getting file file:///Users/akoffler/projects/meli/fury_cx-realtime-data-agents/internal/infrastructure/outbound/stream/mxbank_writer.go for Completion: <nil> (package completions: invalid position for package completion: cursor in non-matching ident)\n\tposition=0:1\n"
[ERROR][2025-12-18 18:53:28] ...lsp/handlers.lua:562	"2025/12/18 18:53:28 no completions found: getting file file:///Users/akoffler/projects/meli/fury_cx-realtime-data-agents/internal/infrastructure/inbound/rest/controllers/agent_publisher_controller.go for Completion: context canceled (package completions: context canceled)\n\tposition=32:3\n"
[ERROR][2025-12-18 19:00:10] ...lsp/handlers.lua:562	"2025/12/18 19:00:10 no completions found: getting file file:///Users/akoffler/projects/meli/fury_cx-realtime-data-agents/internal/infrastructure/runner.go for Completion: context canceled (package completions: context canceled)\n\tposition=300:42\n"
[START][2026-02-03 11:20:14] LSP logging initiated
[ERROR][2026-02-03 11:20:14] ...lsp/handlers.lua:562	"2026/02/03 11:20:14 signature help failed: cannot get type for Fun *ast.SelectorExpr (&{foundation NewBusinessError})\n\tposition=61:37\n"
[ERROR][2026-02-03 11:20:21] ...lsp/handlers.lua:562	"2026/02/03 11:20:21 signature help failed: cannot get type for Fun *ast.SelectorExpr (&{foundation NewBusinessError})\n\tposition=61:37\n"
[ERROR][2026-02-03 11:20:22] ...lsp/handlers.lua:562	"2026/02/03 11:20:22 signature help failed: cannot get type for Fun *ast.SelectorExpr (&{foundation NewBusinessError})\n\tposition=61:44\n"
[ERROR][2026-02-03 11:20:22] ...lsp/handlers.lua:562	"2026/02/03 11:20:22 signature help failed: cannot get type for Fun *ast.SelectorExpr (&{foundation NewBusinessError})\n\tposition=61:45\n"
[ERROR][2026-02-03 11:20:24] ...lsp/handlers.lua:562	"2026/02/03 11:20:24 signature help failed: cannot get type for Fun *ast.SelectorExpr (&{foundation NewBusinessError})\n\tposition=61:54\n"
[ERROR][2026-02-03 11:20:24] ...lsp/handlers.lua:562	"2026/02/03 11:20:24 signature help failed: cannot get type for Fun *ast.SelectorExpr (&{foundation NewBusinessError})\n\tposition=61:55\n"
[ERROR][2026-02-03 11:20:24] ...lsp/handlers.lua:562	"2026/02/03 11:20:24 signature help failed: cannot get type for Fun *ast.SelectorExpr (&{foundation NewBusinessError})\n\tposition=61:54\n"
[ERROR][2026-02-03 11:20:25] ...lsp/handlers.lua:562	"2026/02/03 11:20:25 signature help failed: cannot get type for Fun *ast.SelectorExpr (&{foundation NewBusinessError})\n\tposition=61:53\n"
[ERROR][2026-02-03 11:20:25] ...lsp/handlers.lua:562	"2026/02/03 11:20:25 signature help failed: cannot get type for Fun *ast.SelectorExpr (&{foundation NewBusinessError})\n\tposition=61:54\n"
[START][2026-03-18 16:49:54] LSP logging initiated
[ERROR][2026-03-18 16:49:54] ...lsp/handlers.lua:562	'2026/03/18 16:49:54 go/packages.Load #24: err: exit status 1: stderr: go: updates to go.mod needed; to update it:\n\tgo mod tidy\n\n\tview_id="1"\n\tsnapshot=350\n\tdirectory=/Users/akoffler/projects/meli/fury_crm-workunit-workflow\n\tquery=[/Users/akoffler/projects/meli/fury_crm-workunit-workflow/... builtin]\n\tpackages=0\n\tduration=45.983625ms\n'
[ERROR][2026-03-18 16:49:54] ...lsp/handlers.lua:562	"2026/03/18 16:49:54 initial workspace load failed: packages.Load error: err: exit status 1: stderr: go: updates to go.mod needed; to update it:\n\tgo mod tidy\n\n"
[ERROR][2026-03-18 16:49:55] ...lsp/handlers.lua:562	'2026/03/18 16:49:55 go/packages.Load #25: err: exit status 1: stderr: go: updates to go.mod needed; to update it:\n\tgo mod tidy\n\n\tview_id="1"\n\tsnapshot=351\n\tdirectory=/Users/akoffler/projects/meli/fury_crm-workunit-workflow\n\tquery=[bufio bytes cmp compress/flate compress/gzip compress/zlib container/heap container/list context crypto crypto/aes crypto/cipher crypto/des crypto/dsa crypto/ecdh crypto/ecdsa crypto/ed25519 crypto/elliptic crypto/hmac crypto/internal/boring crypto/internal/boring/bbig crypto/internal/boring/sig crypto/internal/entropy crypto/internal/fips140 crypto/internal/fips140/aes crypto/internal/fips140/aes/gcm crypto/internal/fips140/alias crypto/internal/fips140/bigmod crypto/internal/fips140/check crypto/internal/fips140/drbg crypto/internal/fips140/ecdh crypto/internal/fips140/ecdsa crypto/internal/fips140/ed25519 crypto/internal/fips140/edwards25519 crypto/internal/fips140/edwards25519/field crypto/internal/fips140/hkdf crypto/internal/fips140/hmac crypto/internal/fips140/mlkem crypto/internal/fips140/nistec crypto/internal/fips140/nistec/fiat crypto/internal/fips140/rsa crypto/internal/fips140/sha256 crypto/internal/fips140/sha3 crypto/internal/fips140/sha512 crypto/internal/fips140/subtle crypto/internal/fips140/tls12 crypto/internal/fips140/tls13 crypto/internal/fips140deps/byteorder crypto/internal/fips140deps/cpu crypto/internal/fips140deps/godebug crypto/internal/fips140hash crypto/internal/fips140only crypto/internal/hpke crypto/internal/impl crypto/internal/randutil crypto/internal/sysrand crypto/md5 crypto/rand crypto/rc4 crypto/rsa crypto/sha1 crypto/sha256 crypto/sha3 crypto/sha512 crypto/subtle crypto/tls crypto/tls/internal/fips140tls crypto/x509 crypto/x509/internal/macos crypto/x509/pkix database/sql database/sql/driver debug/dwarf debug/macho embed encoding encoding/asn1 encoding/base32 encoding/base64 encoding/binary encoding/csv encoding/hex encoding/json encoding/pem encoding/xml errors expvar flag fmt github.com/DataDog/datadog-go/v5/statsd github.com/cenkalti/backoff/v4 github.com/creasty/defaults github.com/davecgh/go-spew/spew github.com/felixge/httpsnoop github.com/fsnotify/fsnotify github.com/fsnotify/fsnotify/internal github.com/gabriel-vasile/mimetype github.com/gabriel-vasile/mimetype/internal/charset github.com/gabriel-vasile/mimetype/internal/csv github.com/gabriel-vasile/mimetype/internal/json github.com/gabriel-vasile/mimetype/internal/magic github.com/gabriel-vasile/mimetype/internal/markup github.com/gabriel-vasile/mimetype/internal/scan github.com/go-chi/chi/v5 github.com/go-chi/chi/v5/middleware github.com/go-json-experiment/json github.com/go-json-experiment/json/internal github.com/go-json-experiment/json/internal/jsonflags github.com/go-json-experiment/json/internal/jsonopts github.com/go-json-experiment/json/internal/jsonwire github.com/go-json-experiment/json/jsontext github.com/go-logr/logr github.com/go-logr/logr/funcr github.com/go-logr/stdr github.com/go-playground/locales github.com/go-playground/locales/currency github.com/go-playground/universal-translator github.com/go-playground/validator/v10 github.com/go-viper/mapstructure/v2 github.com/go-viper/mapstructure/v2/internal/errors github.com/gofrs/uuid github.com/google/uuid github.com/grpc-ecosystem/grpc-gateway/v2/internal/httprule github.com/grpc-ecosystem/grpc-gateway/v2/runtime github.com/grpc-ecosystem/grpc-gateway/v2/utilities github.com/karlseguin/ccache/v3 github.com/leodido/go-urn github.com/leodido/go-urn/scim/schema github.com/magiconair/properties github.com/melisource/fury_crm-workunit-workflow/cmd/api github.com/melisource/fury_crm-workunit-workflow/internal/adapters/config github.com/melisource/fury_crm-workunit-workflow/internal/adapters/postgres github.com/melisource/fury_crm-workunit-workflow/internal/application github.com/melisource/fury_crm-workunit-workflow/internal/domain/entity github.com/melisource/fury_crm-workunit-workflow/internal/domain/port/input github.com/melisource/fury_crm-workunit-workflow/internal/domain/port/output github.com/melisource/fury_crm-workunit-workflow/internal/domain/service github.com/melisource/fury_crm-workunit-workflow/internal/infrastructure/adapter/input/rest github.com/melisource/fury_crm-workunit-workflow/internal/infrastructure/adapter/output/director github.com/melisource/fury_crm-workunit-workflow/internal/infrastructure/adapter/output/kvs github.com/melisource/fury_crm-workunit-workflow/internal/infrastructure/adapter/output/manager github.com/melisource/fury_crm-workunit-workflow/internal/infrastructure/adapter/output/rest github.com/melisource/fury_crm-workunit-workflow/internal/infrastructure/config github.com/melisource/fury_crm-workunit-workflow/internal/infrastructure/config_test github.com/melisource/fury_crm-workunit-workflow/internal/util github.com/melisource/fury_crm-workunit-workflow/resources/scripts github.com/melisource/fury_cx-go-config/pkg/config github.com/melisource/fury_cx-go-config/pkg/config/serializer github.com/melisource/fury_go-core/pkg/internal github.com/melisource/fury_go-core/pkg/log github.com/melisource/fury_go-core/pkg/log/encoders github.com/melisource/fury_go-core/pkg/rusty github.com/melisource/fury_go-core/pkg/telemetry github.com/melisource/fury_go-core/pkg/telemetry/dialtrace github.com/melisource/fury_go-core/pkg/telemetry/tracing github.com/melisource/fury_go-core/pkg/transport github.com/melisource/fury_go-core/pkg/transport/httpclient github.com/melisource/fury_go-core/pkg/transport/internal/httpcache github.com/melisource/fury_go-core/pkg/web github.com/melisource/fury_go-platform/pkg/fury github.com/melisource/fury_go-platform/pkg/internal/infra github.com/melisource/fury_go-toolkit-artifact-delivery/pkg/artifactdelivery/watcher github.com/melisource/fury_go-toolkit-config/v2/pkg/config github.com/melisource/fury_go-toolkit-core/pkg/shared github.com/melisource/fury_go-toolkit-core/pkg/telemetry github.com/melisource/fury_go-toolkit-director/pkg/director github.com/melisource/fury_go-toolkit-director/pkg/director/internal/config github.com/melisource/fury_go-toolkit-kvs/pkg/kvs github.com/melisource/fury_go-toolkit-kvs/pkg/kvs/internal/config github.com/melisource/fury_go-toolkit-mlauth/pkg/mlauth github.com/melisource/fury_go-toolkit-otel/pkg/otel github.com/melisource/fury_go-toolkit-otel/pkg/otel/events github.com/melisource/fury_go-toolkit-otel/pkg/otel/events/activator github.com/melisource/fury_go-toolkit-otel/pkg/otel/events/activator/client github.com/melisource/fury_go-toolkit-otel/pkg/otel/events/activator/noop github.com/melisource/fury_go-toolkit-otel/pkg/otel/events/common github.com/melisource/fury_go-toolkit-otel/pkg/otel/events/config github.com/melisource/fury_go-toolkit-otel/pkg/otel/events/logger github.com/melisource/fury_go-toolkit-otel/pkg/otel/events/processor/attribute github.com/melisource/fury_go-toolkit-otel/pkg/otel/events/processor/batch github.com/melisource/fury_go-toolkit-otel/pkg/otel/events/sampler github.com/melisource/fury_go-toolkit-scp/pkg/scp github.com/melisource/fury_go-toolkit-scp/pkg/scp/internal/changes github.com/melisource/fury_go-toolkit-scp/pkg/scp/internal/timetracker github.com/melisource/fury_go-toolkit-x/pkg/messageio github.com/melisource/fury_go-toolkit-x/pkg/promise github.com/newrelic/go-agent/v3/internal github.com/newrelic/go-agent/v3/internal/cat github.com/newrelic/go-agent/v3/internal/com_newrelic_trace_v1 github.com/newrelic/go-agent/v3/internal/jsonx github.com/newrelic/go-agent/v3/internal/logcontext github.com/newrelic/go-agent/v3/internal/logger github.com/newrelic/go-agent/v3/internal/sysinfo github.com/newrelic/go-agent/v3/internal/utilization github.com/newrelic/go-agent/v3/newrelic github.com/pelletier/go-toml/v2 github.com/pelletier/go-toml/v2/internal/characters github.com/pelletier/go-toml/v2/internal/danger github.com/pelletier/go-toml/v2/internal/tracker github.com/pelletier/go-toml/v2/unstable github.com/pmezard/go-difflib/difflib github.com/sagikazarmark/locafero github.com/sourcegraph/conc github.com/sourcegraph/conc/internal/multierror github.com/sourcegraph/conc/iter github.com/sourcegraph/conc/panics github.com/spf13/afero github.com/spf13/afero/internal/common github.com/spf13/afero/mem github.com/spf13/cast github.com/spf13/pflag github.com/spf13/viper github.com/spf13/viper/internal/encoding/dotenv github.com/spf13/viper/internal/encoding/json github.com/spf13/viper/internal/encoding/toml github.com/spf13/viper/internal/encoding/yaml github.com/spf13/viper/internal/features github.com/stretchr/objx github.com/stretchr/testify/assert github.com/stretchr/testify/assert/yaml github.com/stretchr/testify/mock github.com/stretchr/testify/require github.com/subosito/gotenv github.com/tidwall/gjson github.com/tidwall/match github.com/tidwall/pretty github.com/tidwall/sjson github.com/valyala/bytebufferpool github.com/valyala/fasttemplate go.opentelemetry.io/auto/sdk go.opentelemetry.io/auto/sdk/internal/telemetry go.opentelemetry.io/contrib go.opentelemetry.io/contrib/instrumentation/net/http/otelhttp go.opentelemetry.io/contrib/instrumentation/net/http/otelhttp/internal/request go.opentelemetry.io/contrib/instrumentation/net/http/otelhttp/internal/semconv go.opentelemetry.io/contrib/instrumentation/net/http/otelhttp/internal/semconvutil go.opentelemetry.io/contrib/instrumentation/runtime go.opentelemetry.io/contrib/instrumentation/runtime/internal/deprecatedruntime go.opentelemetry.io/contrib/instrumentation/runtime/internal/x go.opentelemetry.io/contrib/propagators/b3 go.opentelemetry.io/otel go.opentelemetry.io/otel/attribute go.opentelemetry.io/otel/attribute/internal go.opentelemetry.io/otel/baggage go.opentelemetry.io/otel/codes go.opentelemetry.io/otel/exporters/otlp/otlpmetric/otlpmetricgrpc go.opentelemetry.io/otel/exporters/otlp/otlpmetric/otlpmetricgrpc/internal go.opentelemetry.io/otel/exporters/otlp/otlpmetric/otlpmetricgrpc/internal/envconfig go.opentelemetry.io/otel/exporters/otlp/otlpmetric/otlpmetricgrpc/internal/oconf go.opentelemetry.io/otel/exporters/otlp/otlpmetric/otlpmetricgrpc/internal/retry go.opentelemetry.io/otel/exporters/otlp/otlpmetric/otlpmetricgrpc/internal/transform go.opentelemetry.io/otel/exporters/otlp/otlptrace go.opentelemetry.io/otel/exporters/otlp/otlptrace/internal/tracetransform go.opentelemetry.io/otel/exporters/otlp/otlptrace/otlptracegrpc go.opentelemetry.io/otel/exporters/otlp/otlptrace/otlptracegrpc/internal go.opentelemetry.io/otel/exporters/otlp/otlptrace/otlptracegrpc/internal/envconfig go.opentelemetry.io/otel/exporters/otlp/otlptrace/otlptracegrpc/internal/otlpconfig go.opentelemetry.io/otel/exporters/otlp/otlptrace/otlptracegrpc/internal/retry go.opentelemetry.io/otel/internal/baggage go.opentelemetry.io/otel/internal/global go.opentelemetry.io/otel/metric go.opentelemetry.io/otel/metric/embedded go.opentelemetry.io/otel/metric/noop go.opentelemetry.io/otel/propagation go.opentelemetry.io/otel/sdk go.opentelemetry.io/otel/sdk/instrumentation go.opentelemetry.io/otel/sdk/internal/env go.opentelemetry.io/otel/sdk/internal/x go.opentelemetry.io/otel/sdk/metric go.opentelemetry.io/otel/sdk/metric/exemplar go.opentelemetry.io/otel/sdk/metric/internal go.opentelemetry.io/otel/sdk/metric/internal/aggregate go.opentelemetry.io/otel/sdk/metric/internal/x go.opentelemetry.io/otel/sdk/metric/metricdata go.opentelemetry.io/otel/sdk/resource go.opentelemetry.io/otel/sdk/trace go.opentelemetry.io/otel/semconv/internal go.opentelemetry.io/otel/semconv/v1.12.0 go.opentelemetry.io/otel/semconv/v1.20.0 go.opentelemetry.io/otel/semconv/v1.24.0 go.opentelemetry.io/otel/semconv/v1.26.0 go.opentelemetry.io/otel/semconv/v1.34.0 go.opentelemetry.io/otel/semconv/v1.37.0 go.opentelemetry.io/otel/semconv/v1.7.0 go.opentelemetry.io/otel/trace go.opentelemetry.io/otel/trace/embedded go.opentelemetry.io/otel/trace/internal/telemetry go.opentelemetry.io/otel/trace/noop go.opentelemetry.io/proto/otlp/collector/metrics/v1 go.opentelemetry.io/proto/otlp/collector/trace/v1 go.opentelemetry.io/proto/otlp/common/v1 go.opentelemetry.io/proto/otlp/metrics/v1 go.opentelemetry.io/proto/otlp/resource/v1 go.opentelemetry.io/proto/otlp/trace/v1 go.uber.org/mock/gomock go.uber.org/multierr go.uber.org/zap go.uber.org/zap/buffer go.uber.org/zap/internal go.uber.org/zap/internal/bufferpool go.uber.org/zap/internal/color go.uber.org/zap/internal/exit go.uber.org/zap/internal/pool go.uber.org/zap/internal/stacktrace go.uber.org/zap/zapcore go/token golang.org/x/crypto/sha3 golang.org/x/net/http/httpguts golang.org/x/net/http2 golang.org/x/net/http2/hpack golang.org/x/net/idna golang.org/x/net/internal/httpcommon golang.org/x/net/internal/timeseries golang.org/x/net/trace golang.org/x/sync/singleflight golang.org/x/sys/cpu golang.org/x/sys/unix golang.org/x/text/encoding golang.org/x/text/encoding/internal golang.org/x/text/encoding/internal/identifier golang.org/x/text/encoding/unicode golang.org/x/text/internal/language golang.org/x/text/internal/language/compact golang.org/x/text/internal/tag golang.org/x/text/internal/utf8internal golang.org/x/text/language golang.org/x/text/runes golang.org/x/text/secure/bidirule golang.org/x/text/transform golang.org/x/text/unicode/bidi golang.org/x/text/unicode/norm google.golang.org/genproto/googleapis/api/httpbody google.golang.org/genproto/googleapis/rpc/errdetails google.golang.org/genproto/googleapis/rpc/status google.golang.org/grpc google.golang.org/grpc/attributes google.golang.org/grpc/backoff google.golang.org/grpc/balancer google.golang.org/grpc/balancer/base google.golang.org/grpc/balancer/endpointsharding google.golang.org/grpc/balancer/grpclb/state google.golang.org/grpc/balancer/pickfirst google.golang.org/grpc/balancer/pickfirst/internal google.golang.org/grpc/balancer/pickfirst/pickfirstleaf google.golang.org/grpc/balancer/roundrobin google.golang.org/grpc/binarylog/grpc_binarylog_v1 google.golang.org/grpc/channelz google.golang.org/grpc/codes google.golang.org/grpc/connectivity google.golang.org/grpc/credentials google.golang.org/grpc/credentials/insecure google.golang.org/grpc/encoding google.golang.org/grpc/encoding/gzip google.golang.org/grpc/encoding/proto google.golang.org/grpc/experimental/stats google.golang.org/grpc/grpclog google.golang.org/grpc/grpclog/internal google.golang.org/grpc/health/grpc_health_v1 google.golang.org/grpc/internal google.golang.org/grpc/internal/backoff google.golang.org/grpc/internal/balancer/gracefulswitch google.golang.org/grpc/internal/balancerload google.golang.org/grpc/internal/binarylog google.golang.org/grpc/internal/buffer google.golang.org/grpc/internal/channelz google.golang.org/grpc/internal/credentials google.golang.org/grpc/internal/envconfig google.golang.org/grpc/internal/grpclog google.golang.org/grpc/internal/grpcsync google.golang.org/grpc/internal/grpcutil google.golang.org/grpc/internal/idle google.golang.org/grpc/internal/metadata google.golang.org/grpc/internal/pretty google.golang.org/grpc/internal/proxyattributes google.golang.org/grpc/internal/resolver google.golang.org/grpc/internal/resolver/delegatingresolver google.golang.org/grpc/internal/resolver/dns google.golang.org/grpc/internal/resolver/dns/internal google.golang.org/grpc/internal/resolver/passthrough google.golang.org/grpc/internal/resolver/unix google.golang.org/grpc/internal/serviceconfig google.golang.org/grpc/internal/stats google.golang.org/grpc/internal/status google.golang.org/grpc/internal/syscall google.golang.org/grpc/internal/transport google.golang.org/grpc/internal/transport/networktype google.golang.org/grpc/keepalive google.golang.org/grpc/mem google.golang.org/grpc/metadata google.golang.org/grpc/peer google.golang.org/grpc/resolver google.golang.org/grpc/resolver/dns google.golang.org/grpc/serviceconfig google.golang.org/grpc/stats google.golang.org/grpc/status google.golang.org/grpc/tap google.golang.org/protobuf/encoding/protojson google.golang.org/protobuf/encoding/prototext google.golang.org/protobuf/encoding/protowire google.golang.org/protobuf/internal/descfmt google.golang.org/protobuf/internal/descopts google.golang.org/protobuf/internal/detrand google.golang.org/protobuf/internal/editiondefaults google.golang.org/protobuf/internal/encoding/defval google.golang.org/protobuf/internal/encoding/json google.golang.org/protobuf/internal/encoding/messageset google.golang.org/protobuf/internal/encoding/tag google.golang.org/protobuf/internal/encoding/text google.golang.org/protobuf/internal/errors google.golang.org/protobuf/internal/filedesc google.golang.org/protobuf/internal/filetype google.golang.org/protobuf/internal/flags google.golang.org/protobuf/internal/genid google.golang.org/protobuf/internal/impl google.golang.org/protobuf/internal/order google.golang.org/protobuf/internal/pragma google.golang.org/protobuf/internal/protolazy google.golang.org/protobuf/internal/set google.golang.org/protobuf/internal/strs google.golang.org/protobuf/internal/version google.golang.org/protobuf/proto google.golang.org/protobuf/protoadapt google.golang.org/protobuf/reflect/protoreflect google.golang.org/protobuf/reflect/protoregistry google.golang.org/protobuf/runtime/protoiface google.golang.org/protobuf/runtime/protoimpl google.golang.org/protobuf/types/known/anypb google.golang.org/protobuf/types/known/durationpb google.golang.org/protobuf/types/known/fieldmaskpb google.golang.org/protobuf/types/known/structpb google.golang.org/protobuf/types/known/timestamppb google.golang.org/protobuf/types/known/wrapperspb gopkg.in/yaml.v3 hash hash/adler32 hash/crc32 hash/fnv hash/maphash html html/template internal/abi internal/asan internal/bisect internal/bytealg internal/byteorder internal/chacha8rand internal/coverage/rtcov internal/cpu internal/filepathlite internal/fmtsort internal/goarch internal/godebug internal/godebugs internal/goexperiment internal/goos internal/itoa internal/msan internal/nettrace internal/oserror internal/poll internal/profile internal/profilerecord internal/race internal/reflectlite internal/runtime/atomic internal/runtime/exithook internal/runtime/maps internal/runtime/math internal/runtime/sys internal/saferio internal/singleflight internal/stringslite internal/sync internal/syscall/execenv internal/syscall/unix internal/sysinfo internal/testlog internal/unsafeheader io io/fs io/ioutil iter log log/internal log/slog log/slog/internal log/slog/internal/buffer maps math math/big math/bits math/rand math/rand/v2 mime mime/multipart mime/quotedprintable net net/http net/http/httptest net/http/httptrace net/http/httputil net/http/internal net/http/internal/ascii net/http/internal/testcert net/http/pprof net/mail net/netip net/textproto net/url os os/exec os/signal os/user path path/filepath reflect regexp regexp/syntax runtime runtime/debug runtime/metrics runtime/pprof runtime/trace slices sort strconv strings sync sync/atomic syscall testing text/tabwriter text/template text/template/parse time unicode unicode/utf16 unicode/utf8 unique unsafe vendor/golang.org/x/crypto/chacha20 vendor/golang.org/x/crypto/chacha20poly1305 vendor/golang.org/x/crypto/cryptobyte vendor/golang.org/x/crypto/cryptobyte/asn1 vendor/golang.org/x/crypto/internal/alias vendor/golang.org/x/crypto/internal/poly1305 vendor/golang.org/x/net/dns/dnsmessage vendor/golang.org/x/net/http/httpguts vendor/golang.org/x/net/http/httpproxy vendor/golang.org/x/net/http2/hpack vendor/golang.org/x/net/idna vendor/golang.org/x/net/route vendor/golang.org/x/text/secure/bidirule vendor/golang.org/x/text/transform vendor/golang.org/x/text/unicode/bidi vendor/golang.org/x/text/unicode/norm weak]\n\tpackages=0\n\tduration=98.298542ms\n'
[ERROR][2026-03-18 16:49:55] ...lsp/handlers.lua:562	'2026/03/18 16:49:55 reloading workspace: packages.Load error: err: exit status 1: stderr: go: updates to go.mod needed; to update it:\n\tgo mod tidy\n\n\tview_id="1"\n\tsnapshot=351\n\tdirectory=/Users/akoffler/projects/meli/fury_crm-workunit-workflow\n'
[ERROR][2026-03-18 16:49:55] ...lsp/handlers.lua:562	'2026/03/18 16:49:55 errors loading workspace: packages.Load error: err: exit status 1: stderr: go: updates to go.mod needed; to update it:\n\tgo mod tidy\n\n\tview_id="1"\n\tsnapshot=351\n\tdirectory=/Users/akoffler/projects/meli/fury_crm-workunit-workflow\n'
[ERROR][2026-03-18 16:50:20] ...lsp/handlers.lua:562	"2026/03/18 16:50:20 signature help failed: cannot get type for Fun *ast.SelectorExpr (&{config Load})\n\tposition=13:25\n"
[START][2026-03-18 17:09:02] LSP logging initiated
[ERROR][2026-03-18 17:09:02] ...lsp/handlers.lua:562	"2026/03/18 17:09:02 signature help failed: cannot get type for Fun *ast.SelectorExpr (&{pgx Connect})\n\tposition=20:26\n"
[ERROR][2026-03-18 17:09:10] ...lsp/handlers.lua:562	"2026/03/18 17:09:10 signature help failed: cannot get type for Fun *ast.SelectorExpr (&{pgx Connect})\n\tposition=20:31\n"
[START][2026-03-24 11:40:26] LSP logging initiated
[ERROR][2026-03-24 11:40:26] ...lsp/handlers.lua:562	"2026/03/24 11:40:26 no completions found: getting file file:///Users/akoffler/projects/meli/fury_crm-workunit-workflow/internal/adapters/http/server/handlers/definition.go for Completion: <nil> (package completions: invalid position for package completion: cursor in non-matching ident)\n\tposition=0:4\n"
[ERROR][2026-03-24 11:40:26] ...lsp/handlers.lua:562	"2026/03/24 11:40:26 no completions found: getting file file:///Users/akoffler/projects/meli/fury_crm-workunit-workflow/internal/adapters/http/server/handlers/definition.go for Completion: <nil> (package completions: invalid position for package completion: cursor in non-matching ident)\n\tposition=0:5\n"
[ERROR][2026-03-24 11:40:26] ...lsp/handlers.lua:562	"2026/03/24 11:40:26 no completions found: getting file file:///Users/akoffler/projects/meli/fury_crm-workunit-workflow/internal/adapters/http/server/handlers/definition.go for Completion: <nil> (package completions: invalid position for package completion: cursor in non-matching ident)\n\tposition=0:4\n"
[ERROR][2026-03-24 12:01:41] ...lsp/handlers.lua:562	"2026/03/24 12:01:41 signature help failed: cannot get type for Fun *ast.SelectorExpr (&{errors New})\n\tposition=11:32\n"
[ERROR][2026-03-24 12:01:43] ...lsp/handlers.lua:562	"2026/03/24 12:01:43 signature help failed: cannot get type for Fun *ast.SelectorExpr (&{errors New})\n\tposition=11:32\n"
[ERROR][2026-03-24 13:56:12] ...lsp/handlers.lua:562	"2026/03/24 13:56:12 signature help failed: cannot get type for Fun *ast.SelectorExpr (&{fmt Sprint})\n\tposition=20:27\n"
[ERROR][2026-03-24 13:56:13] ...lsp/handlers.lua:562	"2026/03/24 13:56:13 signature help failed: cannot get type for Fun *ast.SelectorExpr (&{fmt Sprintf})\n\tposition=20:28\n"
[ERROR][2026-03-24 13:59:55] ...lsp/handlers.lua:562	"2026/03/24 13:59:55 signature help failed: cannot get type for Fun *ast.SelectorExpr (&{errors New})\n\tposition=20:49\n"
[ERROR][2026-03-24 14:01:26] ...lsp/handlers.lua:562	"2026/03/24 14:01:26 signature help failed: cannot get type for Fun *ast.SelectorExpr (&{errors New})\n\tposition=2:40\n"
[ERROR][2026-03-24 14:01:51] ...lsp/handlers.lua:562	"2026/03/24 14:01:51 signature help failed: cannot get type for Fun *ast.SelectorExpr (&{errors New})\n\tposition=2:79\n"
[ERROR][2026-03-24 14:01:51] ...lsp/handlers.lua:562	"2026/03/24 14:01:51 signature help failed: cannot get type for Fun *ast.SelectorExpr (&{errors New})\n\tposition=2:80\n"
[ERROR][2026-03-24 15:55:59] ...lsp/handlers.lua:562	"2026/03/24 15:55:59 signature help failed: call operand is not a func or type: *ast.CallExpr (&{0x140091ba0c0 13306424 [0x14013e0d300 0x1401a808fd0] 0 13306478})\n\tposition=37:4\n"
[START][2026-03-24 22:25:05] LSP logging initiated
[ERROR][2026-03-24 22:25:05] ...lsp/handlers.lua:562	"2026/03/24 22:25:05 no completions found: getting file file:///Users/akoffler/projects/meli/fury_crm-workunit-workflow/internal/adapters/http/server/handlers/definition.go for Completion: context canceled (package completions: context canceled)\n\tposition=50:5\n"
[ERROR][2026-03-27 10:24:08] ...lsp/handlers.lua:562	"2026/03/27 10:24:08 signature help failed: cannot get type for Fun *ast.SelectorExpr (&{foundation ValidateStruct})\n\tposition=44:34\n"
[ERROR][2026-03-27 10:25:00] ...lsp/handlers.lua:562	"2026/03/27 10:25:00 signature help failed: cannot get type for Fun *ast.SelectorExpr (&{fmt Errorf})\n\tposition=42:21\n"
[ERROR][2026-03-27 10:25:03] ...lsp/handlers.lua:562	"2026/03/27 10:25:03 signature help failed: cannot get type for Fun *ast.SelectorExpr (&{fmt Errorf})\n\tposition=42:21\n"
[ERROR][2026-03-27 10:25:04] ...lsp/handlers.lua:562	"2026/03/27 10:25:04 signature help failed: cannot get type for Fun *ast.SelectorExpr (&{fmt Errorf})\n\tposition=42:24\n"
[ERROR][2026-03-27 10:25:04] ...lsp/handlers.lua:562	"2026/03/27 10:25:04 signature help failed: cannot get type for Fun *ast.SelectorExpr (&{fmt Errorf})\n\tposition=42:25\n"
[ERROR][2026-03-27 10:26:01] ...lsp/handlers.lua:562	"2026/03/27 10:26:01 signature help failed: cannot get type for Fun *ast.SelectorExpr (&{fmt Errorf})\n\tposition=42:65\n"
[ERROR][2026-03-27 10:26:01] ...lsp/handlers.lua:562	"2026/03/27 10:26:01 signature help failed: cannot get type for Fun *ast.SelectorExpr (&{fmt Errorf})\n\tposition=42:66\n"
[ERROR][2026-03-30 10:08:19] ...lsp/handlers.lua:562	"2026/03/30 10:08:19 no completions found: getting file file:///Users/akoffler/projects/meli/fury_crm-workunit-workflow/cmd/api/main.go for Completion: context canceled (package completions: context canceled)\n\tposition=9:72\n"
[ERROR][2026-03-30 10:08:21] ...lsp/handlers.lua:562	"2026/03/30 10:08:21 no completions found: getting file file:///Users/akoffler/projects/meli/fury_crm-workunit-workflow/cmd/api/main.go for Completion: context canceled (package completions: context canceled)\n\tposition=8:72\n"
[START][2026-03-30 10:19:10] LSP logging initiated
[ERROR][2026-03-30 10:19:10] ...lsp/handlers.lua:562	"2026/03/30 10:19:10 no completions found: getting file file:///Users/akoffler/projects/meli/fury_crm-workunit-workflow/internal/adapters/in/http/handlers/step/step.go for Completion: context canceled (package completions: context canceled)\n\tposition=6:71\n"
[ERROR][2026-03-30 10:19:55] ...lsp/handlers.lua:562	"2026/03/30 10:19:55 signature help failed: cannot get type for Fun *ast.SelectorExpr (&{errors New})\n\tposition=3:37\n"
[ERROR][2026-03-30 16:07:03] ...lsp/handlers.lua:562	"2026/03/30 16:07:03 no completions found: getting file file:///Users/akoffler/projects/meli/fury_crm-workunit-workflow/internal/domain/custom_step.go for Completion: <nil> (package completions: invalid position for package completion: cursor in non-matching ident)\n\tposition=0:1\n"
[ERROR][2026-03-30 16:07:03] ...lsp/handlers.lua:562	"2026/03/30 16:07:03 no completions found: getting file file:///Users/akoffler/projects/meli/fury_crm-workunit-workflow/internal/domain/custom_step.go for Completion: <nil> (package completions: invalid position for package completion: cursor in non-matching ident)\n\tposition=0:2\n"
[ERROR][2026-03-30 16:07:03] ...lsp/handlers.lua:562	"2026/03/30 16:07:03 no completions found: getting file file:///Users/akoffler/projects/meli/fury_crm-workunit-workflow/internal/domain/custom_step.go for Completion: <nil> (package completions: invalid position for package completion: cursor in non-matching ident)\n\tposition=0:3\n"
[ERROR][2026-03-30 16:07:03] ...lsp/handlers.lua:562	"2026/03/30 16:07:03 no completions found: getting file file:///Users/akoffler/projects/meli/fury_crm-workunit-workflow/internal/domain/custom_step.go for Completion: <nil> (package completions: invalid position for package completion: cursor in non-matching ident)\n\tposition=0:4\n"
[ERROR][2026-03-30 16:07:03] ...lsp/handlers.lua:562	"2026/03/30 16:07:03 no completions found: getting file file:///Users/akoffler/projects/meli/fury_crm-workunit-workflow/internal/domain/custom_step.go for Completion: <nil> (package completions: invalid position for package completion: cursor in non-matching ident)\n\tposition=0:5\n"
[ERROR][2026-03-30 16:07:03] ...lsp/handlers.lua:562	"2026/03/30 16:07:03 no completions found: getting file file:///Users/akoffler/projects/meli/fury_crm-workunit-workflow/internal/domain/custom_step.go for Completion: <nil> (package completions: invalid position for package completion: cursor in non-matching ident)\n\tposition=0:6\n"
[ERROR][2026-03-30 16:07:04] ...lsp/handlers.lua:562	"2026/03/30 16:07:04 no completions found: getting file file:///Users/akoffler/projects/meli/fury_crm-workunit-workflow/internal/domain/custom_step.go for Completion: <nil> (package completions: invalid position for package completion: cursor in non-matching ident)\n\tposition=0:5\n"
[ERROR][2026-03-30 16:07:04] ...lsp/handlers.lua:562	"2026/03/30 16:07:04 no completions found: getting file file:///Users/akoffler/projects/meli/fury_crm-workunit-workflow/internal/domain/custom_step.go for Completion: <nil> (package completions: invalid position for package completion: cursor in non-matching ident)\n\tposition=0:4\n"
[ERROR][2026-03-30 16:07:04] ...lsp/handlers.lua:562	"2026/03/30 16:07:04 no completions found: getting file file:///Users/akoffler/projects/meli/fury_crm-workunit-workflow/internal/domain/custom_step.go for Completion: <nil> (package completions: invalid position for package completion: cursor in non-matching ident)\n\tposition=0:3\n"
[ERROR][2026-03-30 16:07:04] ...lsp/handlers.lua:562	"2026/03/30 16:07:04 no completions found: getting file file:///Users/akoffler/projects/meli/fury_crm-workunit-workflow/internal/domain/custom_step.go for Completion: <nil> (package completions: invalid position for package completion: cursor in non-matching ident)\n\tposition=0:2\n"
[ERROR][2026-03-30 16:07:04] ...lsp/handlers.lua:562	"2026/03/30 16:07:04 no completions found: getting file file:///Users/akoffler/projects/meli/fury_crm-workunit-workflow/internal/domain/custom_step.go for Completion: <nil> (package completions: invalid position for package completion: cursor in non-matching ident)\n\tposition=0:1\n"
[ERROR][2026-03-31 11:24:04] ...lsp/handlers.lua:562	"2026/03/31 11:24:04 signature help failed: cannot get type for Fun *ast.SelectorExpr (&{fmt Errorf})\n\tposition=19:20\n"
[ERROR][2026-03-31 11:24:14] ...lsp/handlers.lua:562	"2026/03/31 11:24:14 signature help failed: cannot get type for Fun *ast.SelectorExpr (&{fmt Errorf})\n\tposition=19:46\n"
[ERROR][2026-03-31 11:24:14] ...lsp/handlers.lua:562	"2026/03/31 11:24:14 signature help failed: cannot get type for Fun *ast.SelectorExpr (&{fmt Errorf})\n\tposition=19:47\n"
[ERROR][2026-03-31 13:41:35] ...lsp/handlers.lua:562	"2026/03/31 13:41:35 no completions found: getting file file:///Users/akoffler/projects/meli/fury_crm-workunit-workflow/internal/adapters/in/http/handlers/step/create_custom.go for Completion: context canceled (package completions: context canceled)\n\tposition=53:24\n"
[ERROR][2026-03-31 13:41:41] ...lsp/handlers.lua:562	"2026/03/31 13:41:41 signature help failed: cannot get type for Fun *ast.SelectorExpr (&{domain CustomStepInput})\n\tposition=53:40\n"
[ERROR][2026-03-31 13:44:47] ...lsp/handlers.lua:562	"2026/03/31 13:44:47 no completions found: getting file file:///Users/akoffler/projects/meli/fury_crm-workunit-workflow/internal/adapters/in/http/handlers/step/create_custom.go for Completion: context canceled (package completions: context canceled)\n\tposition=54:15\n"
[ERROR][2026-03-31 13:50:52] ...lsp/handlers.lua:562	"2026/03/31 13:50:52 signature help failed: cannot get type for Fun *ast.SelectorExpr (&{fmt Errorf})\n\tposition=12:25\n"
[ERROR][2026-04-01 14:08:49] ...lsp/handlers.lua:562	"2026/04/01 14:08:49 signature help failed: cannot get type for Fun *ast.Ident (extractLDAP)\n\tposition=11:23\n"
[ERROR][2026-04-01 14:08:58] ...lsp/handlers.lua:562	"2026/04/01 14:08:58 signature help failed: cannot get type for Fun *ast.Ident (extract)\n\tposition=13:22\n"
[ERROR][2026-04-01 15:03:41] ...olding_range.lua:122	{ code = 0, message = "read /: is a directory", <metatable> = { __tostring = <function 1> } }
[ERROR][2026-04-01 18:42:24] ...lsp/handlers.lua:562	"2026/04/01 18:42:24 signature help failed: cannot get type for Fun *ast.SelectorExpr (&{application NewStepService})\n\tposition=64:43\n"
[START][2026-04-02 12:25:01] LSP logging initiated
[ERROR][2026-04-02 12:25:01] ...lsp/handlers.lua:562	"2026/04/02 12:25:01 signature help failed: cannot get type for Fun *ast.SelectorExpr (&{log WithLogLevel})\n\tposition=37:19\n"
[ERROR][2026-04-02 12:34:40] ...lsp/handlers.lua:562	"2026/04/02 12:34:40 signature help failed: cannot get type for Fun *ast.SelectorExpr (&{strings ToLower})\n\tposition=5:21\n"
[ERROR][2026-04-02 12:37:56] ...lsp/handlers.lua:562	"2026/04/02 12:37:56 signature help failed: cannot get type for Fun *ast.SelectorExpr (&{log Infof})\n\tposition=25:46\n"
[ERROR][2026-04-02 12:37:56] ...lsp/handlers.lua:562	"2026/04/02 12:37:56 signature help failed: cannot get type for Fun *ast.SelectorExpr (&{log Infof})\n\tposition=25:47\n"
[ERROR][2026-04-02 12:38:24] ...lsp/handlers.lua:562	"2026/04/02 12:38:24 signature help failed: cannot get type for Fun *ast.SelectorExpr (&{log Infof})\n\tposition=25:79\n"
[ERROR][2026-04-02 12:38:24] ...lsp/handlers.lua:562	"2026/04/02 12:38:24 signature help failed: cannot get type for Fun *ast.SelectorExpr (&{log Infof})\n\tposition=25:80\n"
[START][2026-04-02 18:13:22] LSP logging initiated
[ERROR][2026-04-02 18:13:22] ...lsp/handlers.lua:562	"2026/04/02 18:13:22 signature help failed: cannot get type for Fun *ast.SelectorExpr (&{stepHandlers RegisterRoutes})\n\tposition=80:29\n"
[ERROR][2026-04-02 18:25:10] ...lsp/handlers.lua:562	"2026/04/02 18:25:10 signature help failed: cannot get type for Fun *ast.SelectorExpr (&{0x14008b23260 Post})\n\tposition=29:30\n"
[ERROR][2026-04-02 18:25:12] ...lsp/handlers.lua:562	"2026/04/02 18:25:12 signature help failed: cannot get type for Fun *ast.Ident (asoidjoasijd)\n\tposition=29:43\n"
[ERROR][2026-04-02 18:26:03] ...lsp/handlers.lua:562	"2026/04/02 18:26:03 signature help failed: cannot get type for Fun *ast.SelectorExpr (&{0x1400c697668 Post})\n\tposition=29:30\n"
[ERROR][2026-04-02 18:26:09] ...lsp/handlers.lua:562	"2026/04/02 18:26:09 signature help failed: cannot get type for Fun *ast.SelectorExpr (&{0x1400f85aa20 Post})\n\tposition=34:9\n"
[ERROR][2026-04-02 18:26:11] ...lsp/handlers.lua:562	"2026/04/02 18:26:11 signature help failed: cannot get type for Fun *ast.SelectorExpr (&{0x1400e050df8 Post})\n\tposition=29:30\n"
[ERROR][2026-04-06 10:24:34] ...lsp/handlers.lua:562	"2026/04/06 10:24:34 signature help failed: call operand is not a func or type: *ast.Ident (append)\n\tposition=36:23\n"
[ERROR][2026-04-06 10:24:41] ...lsp/handlers.lua:562	"2026/04/06 10:24:41 signature help failed: call operand is not a func or type: *ast.Ident (append)\n\tposition=36:23\n"
[ERROR][2026-04-06 10:24:44] ...lsp/handlers.lua:562	"2026/04/06 10:24:44 signature help failed: call operand is not a func or type: *ast.Ident (append)\n\tposition=36:42\n"
[ERROR][2026-04-06 10:24:44] ...lsp/handlers.lua:562	"2026/04/06 10:24:44 signature help failed: call operand is not a func or type: *ast.Ident (append)\n\tposition=36:43\n"
[START][2026-04-06 15:33:38] LSP logging initiated
[ERROR][2026-04-06 15:33:38] ...lsp/handlers.lua:562	'2026/04/06 15:33:38 unable to compute deps errors: stat : no such file or directory\n\tpackage="_/Users/akoffler/.claude/skills/crmd.main-package/references"\n'
[ERROR][2026-04-06 15:33:46] ...lsp/handlers.lua:562	'2026/04/06 15:33:46 unable to compute deps errors: stat : no such file or directory\n\tpackage="_/Users/akoffler/.claude/skills/crmd.main-package/references"\n'
[ERROR][2026-04-06 15:33:48] ...lsp/handlers.lua:562	'2026/04/06 15:33:48 unable to compute deps errors: stat : no such file or directory\n\tpackage="_/Users/akoffler/.claude/skills/crmd.main-package/references"\n'
[START][2026-04-06 16:30:48] LSP logging initiated
[ERROR][2026-04-06 16:30:48] ...lsp/handlers.lua:562	'2026/04/06 16:30:48 unable to compute deps errors: stat : no such file or directory\n\tpackage="_/Users/akoffler/.claude/skills/crmd.main-package/references"\n'
[ERROR][2026-04-06 16:30:48] ...lsp/handlers.lua:562	'2026/04/06 16:30:48 unable to compute deps errors: stat : no such file or directory\n\tpackage="_/Users/akoffler/.claude/skills/crmd.main-package/references"\n'
[START][2026-04-13 19:03:00] LSP logging initiated
[WARN][2026-04-13 19:03:00] .../lua/vim/lsp.lua:439	"kulala does not have a configuration"
[WARN][2026-04-13 19:03:00] .../lua/vim/lsp.lua:439	"kulala does not have a configuration"
[WARN][2026-04-13 19:03:00] .../lua/vim/lsp.lua:439	"kulala does not have a configuration"
[WARN][2026-04-13 19:03:00] .../lua/vim/lsp.lua:439	"kulala does not have a configuration"
[START][2026-04-21 16:16:54] LSP logging initiated
[WARN][2026-04-21 16:16:54] .../lua/vim/lsp.lua:439	"kulala does not have a configuration"
[WARN][2026-04-21 16:16:54] .../lua/vim/lsp.lua:439	"kulala does not have a configuration"
[WARN][2026-04-21 16:16:54] .../lua/vim/lsp.lua:439	"kulala does not have a configuration"
[WARN][2026-04-21 16:16:54] .../lua/vim/lsp.lua:439	"kulala does not have a configuration"
[START][2026-04-21 16:17:49] LSP logging initiated
[WARN][2026-04-21 16:17:49] .../lua/vim/lsp.lua:439	"kulala does not have a configuration"
[WARN][2026-04-21 16:17:49] .../lua/vim/lsp.lua:439	"kulala does not have a configuration"
[WARN][2026-04-21 16:17:49] .../lua/vim/lsp.lua:439	"kulala does not have a configuration"
[WARN][2026-04-21 16:17:49] .../lua/vim/lsp.lua:439	"kulala does not have a configuration"
[WARN][2026-04-21 16:50:21] .../lua/vim/lsp.lua:1023	"buf_attach_client called on unloaded buffer (id: 94): "
[WARN][2026-04-21 16:50:21] .../lua/vim/lsp.lua:1023	"buf_attach_client called on unloaded buffer (id: 95): "
[WARN][2026-04-21 16:50:21] .../lua/vim/lsp.lua:1023	"buf_attach_client called on unloaded buffer (id: 96): "
[WARN][2026-04-21 16:50:21] .../lua/vim/lsp.lua:1023	"buf_attach_client called on unloaded buffer (id: 97): "
[START][2026-04-21 17:15:20] LSP logging initiated
[WARN][2026-04-21 17:15:20] .../lua/vim/lsp.lua:439	"kulala does not have a configuration"
[START][2026-05-03 13:28:55] LSP logging initiated
[ERROR][2026-05-03 13:28:55] ...lsp/handlers.lua:562	"2026/05/03 13:28:55 signature help failed: cannot get type for Fun *ast.Ident (createEndpoint)\n\tposition=14:41\n"
[ERROR][2026-05-03 13:28:57] ...lsp/handlers.lua:562	"2026/05/03 13:28:57 signature help failed: cannot get type for Fun *ast.Ident (createEndpoint)\n\tposition=14:50\n"
[ERROR][2026-05-03 13:48:16] ...lsp/handlers.lua:562	"2026/05/03 13:48:16 signature help failed: cannot get type for Fun *ast.SelectorExpr (&{rusty WithBody})\n\tposition=4:45\n"
[ERROR][2026-05-03 13:56:21] ...lsp/handlers.lua:562	"2026/05/03 13:56:21 signature help failed: call operand is not a func or type: *ast.SelectorExpr (&{res Body})\n\tposition=25:18\n"
[ERROR][2026-05-03 13:56:23] ...lsp/handlers.lua:562	"2026/05/03 13:56:23 signature help failed: call operand is not a func or type: *ast.SelectorExpr (&{res Body})\n\tposition=25:18\n"
[ERROR][2026-05-03 13:56:27] ...lsp/handlers.lua:562	"2026/05/03 13:56:27 signature help failed: call operand is not a func or type: *ast.SelectorExpr (&{res Body})\n\tposition=25:18\n"
[ERROR][2026-05-03 13:56:27] ...lsp/handlers.lua:562	"2026/05/03 13:56:27 signature help failed: call operand is not a func or type: *ast.SelectorExpr (&{res Body})\n\tposition=25:18\n"
[ERROR][2026-05-03 14:47:59] ...lsp/handlers.lua:562	"2026/05/03 14:47:59 signature help failed: call operand is not a func or type: *ast.Ident (make)\n\tposition=25:19\n"
[ERROR][2026-05-03 14:48:02] ...lsp/handlers.lua:562	"2026/05/03 14:48:02 signature help failed: call operand is not a func or type: *ast.Ident (make)\n\tposition=25:35\n"
[ERROR][2026-05-03 14:48:03] ...lsp/handlers.lua:562	"2026/05/03 14:48:03 signature help failed: call operand is not a func or type: *ast.Ident (make)\n\tposition=25:34\n"
[ERROR][2026-05-03 14:48:10] ...lsp/handlers.lua:562	"2026/05/03 14:48:10 signature help failed: call operand is not a func or type: *ast.Ident (make)\n\tposition=25:34\n"
[ERROR][2026-05-03 14:48:10] ...lsp/handlers.lua:562	"2026/05/03 14:48:10 signature help failed: call operand is not a func or type: *ast.Ident (make)\n\tposition=25:35\n"
[ERROR][2026-05-03 14:48:11] ...lsp/handlers.lua:562	"2026/05/03 14:48:11 signature help failed: call operand is not a func or type: *ast.Ident (make)\n\tposition=25:34\n"
[ERROR][2026-05-03 14:48:12] ...lsp/handlers.lua:562	"2026/05/03 14:48:12 signature help failed: call operand is not a func or type: *ast.Ident (make)\n\tposition=25:34\n"
[ERROR][2026-05-03 14:50:33] ...lsp/handlers.lua:562	"2026/05/03 14:50:33 signature help failed: cannot get type for Fun *ast.SelectorExpr (&{fmt Sprintf})\n\tposition=26:21\n"
[ERROR][2026-05-03 14:50:33] ...lsp/handlers.lua:562	"2026/05/03 14:50:33 signature help failed: cannot get type for Fun *ast.SelectorExpr (&{fmt Sprintf})\n\tposition=26:22\n"
[ERROR][2026-05-03 14:50:33] ...lsp/handlers.lua:562	"2026/05/03 14:50:33 signature help failed: cannot get type for Fun *ast.SelectorExpr (&{fmt Sprintf})\n\tposition=26:21\n"
[ERROR][2026-05-03 14:50:34] ...lsp/handlers.lua:562	"2026/05/03 14:50:34 signature help failed: cannot get type for Fun *ast.SelectorExpr (&{fmt Sprintf})\n\tposition=26:22\n"
[ERROR][2026-05-03 14:50:34] ...lsp/handlers.lua:562	"2026/05/03 14:50:34 signature help failed: cannot get type for Fun *ast.SelectorExpr (&{fmt Sprintf})\n\tposition=26:21\n"
[ERROR][2026-05-03 14:51:58] ...lsp/handlers.lua:562	"2026/05/03 14:51:58 signature help failed: cannot get type for Fun *ast.SelectorExpr (&{fmt Sprintf})\n\tposition=27:68\n"
[ERROR][2026-05-03 14:51:58] ...lsp/handlers.lua:562	"2026/05/03 14:51:58 signature help failed: cannot get type for Fun *ast.SelectorExpr (&{fmt Sprintf})\n\tposition=27:69\n"
[ERROR][2026-05-03 14:52:02] ...lsp/handlers.lua:562	"2026/05/03 14:52:02 signature help failed: cannot get type for Fun *ast.SelectorExpr (&{fmt Sprintf})\n\tposition=27:85\n"
[ERROR][2026-05-03 15:00:34] ...lsp/handlers.lua:562	"2026/05/03 15:00:34 signature help failed: cannot get type for Fun *ast.SelectorExpr (&{client NewRetryableHTTPClient})\n\tposition=7:36\n"
[ERROR][2026-05-03 15:01:49] ...lsp/handlers.lua:562	"2026/05/03 15:01:49 signature help failed: call operand is not a func or type: *ast.Ident (max)\n\tposition=20:34\n"
[START][2026-05-04 01:53:55] LSP logging initiated
[ERROR][2026-05-04 01:53:55] ...lsp/handlers.lua:562	"2026/05/04 01:53:55 no completions found: getting file file:///Users/akoffler/projects/meli/fury_cross-crm-plat-workflow/internal/adapters/outbound/bigqueue/bigqueue.go for Completion: <nil> (package completions: invalid position for package completion: cursor in non-matching ident)\n\tposition=0:1\n"
[ERROR][2026-05-04 01:53:55] ...lsp/handlers.lua:562	"2026/05/04 01:53:55 no completions found: getting file file:///Users/akoffler/projects/meli/fury_cross-crm-plat-workflow/internal/adapters/outbound/bigqueue/bigqueue.go for Completion: <nil> (package completions: invalid position for package completion: cursor in non-matching ident)\n\tposition=0:2\n"
[ERROR][2026-05-04 01:53:56] ...lsp/handlers.lua:562	"2026/05/04 01:53:56 no completions found: getting file file:///Users/akoffler/projects/meli/fury_cross-crm-plat-workflow/internal/adapters/outbound/bigqueue/bigqueue.go for Completion: <nil> (package completions: invalid position for package completion: cursor in non-matching ident)\n\tposition=0:1\n"
[ERROR][2026-05-04 01:53:56] ...lsp/handlers.lua:562	"2026/05/04 01:53:56 no completions found: getting file file:///Users/akoffler/projects/meli/fury_cross-crm-plat-workflow/internal/adapters/outbound/bigqueue/bigqueue.go for Completion: <nil> (package completions: invalid position for package completion: cursor in non-matching ident)\n\tposition=0:2\n"
[ERROR][2026-05-04 01:53:56] ...lsp/handlers.lua:562	"2026/05/04 01:53:56 no completions found: getting file file:///Users/akoffler/projects/meli/fury_cross-crm-plat-workflow/internal/adapters/outbound/bigqueue/bigqueue.go for Completion: <nil> (package completions: invalid position for package completion: cursor in non-matching ident)\n\tposition=0:1\n"
[ERROR][2026-05-04 01:53:56] ...lsp/handlers.lua:562	"2026/05/04 01:53:56 no completions found: getting file file:///Users/akoffler/projects/meli/fury_cross-crm-plat-workflow/internal/adapters/outbound/bigqueue/bigqueue.go for Completion: <nil> (package completions: invalid position for package completion: cursor in non-matching ident)\n\tposition=0:2\n"
[ERROR][2026-05-04 01:53:56] ...lsp/handlers.lua:562	"2026/05/04 01:53:56 no completions found: getting file file:///Users/akoffler/projects/meli/fury_cross-crm-plat-workflow/internal/adapters/outbound/bigqueue/bigqueue.go for Completion: <nil> (package completions: invalid position for package completion: cursor in non-matching ident)\n\tposition=0:3\n"
[ERROR][2026-05-04 01:53:56] ...lsp/handlers.lua:562	"2026/05/04 01:53:56 no completions found: getting file file:///Users/akoffler/projects/meli/fury_cross-crm-plat-workflow/internal/adapters/outbound/bigqueue/bigqueue.go for Completion: <nil> (package completions: invalid position for package completion: cursor in non-matching ident)\n\tposition=0:4\n"
[ERROR][2026-05-04 01:53:56] ...lsp/handlers.lua:562	"2026/05/04 01:53:56 no completions found: getting file file:///Users/akoffler/projects/meli/fury_cross-crm-plat-workflow/internal/adapters/outbound/bigqueue/bigqueue.go for Completion: <nil> (package completions: invalid position for package completion: cursor in non-matching ident)\n\tposition=0:3\n"
[ERROR][2026-05-04 01:53:57] ...lsp/handlers.lua:562	"2026/05/04 01:53:57 no completions found: getting file file:///Users/akoffler/projects/meli/fury_cross-crm-plat-workflow/internal/adapters/outbound/bigqueue/bigqueue.go for Completion: <nil> (package completions: invalid position for package completion: cursor in non-matching ident)\n\tposition=0:2\n"
[ERROR][2026-05-04 01:53:57] ...lsp/handlers.lua:562	"2026/05/04 01:53:57 no completions found: getting file file:///Users/akoffler/projects/meli/fury_cross-crm-plat-workflow/internal/adapters/outbound/bigqueue/bigqueue.go for Completion: <nil> (package completions: invalid position for package completion: cursor in non-matching ident)\n\tposition=0:1\n"
[START][2026-05-04 10:00:49] LSP logging initiated
[ERROR][2026-05-04 10:00:49] ...lsp/handlers.lua:562	"TSServer exited. Code: null. Signal: SIGTERM"
[START][2026-05-06 16:15:08] LSP logging initiated
[ERROR][2026-05-06 16:15:08] ...lsp/handlers.lua:562	"2026/05/06 16:15:08 warning: while diagnosing orphaned files: session is shut down\n"
[START][2026-05-20 16:58:09] LSP logging initiated
[ERROR][2026-05-20 16:58:09] ...lsp/handlers.lua:562	"2026/05/20 16:58:09 signature help failed: cannot get type for Fun *ast.SelectorExpr (&{0x1402cc0bcc8 Run})\n\tposition=298:40\n"
[ERROR][2026-05-20 16:58:22] ...lsp/handlers.lua:562	"2026/05/20 16:58:22 signature help failed: cannot get type for Fun *ast.SelectorExpr (&{0x14057f92cf0 Run})\n\tposition=298:40\n"
[ERROR][2026-05-20 16:58:25] ...lsp/handlers.lua:562	"2026/05/20 16:58:25 signature help failed: cannot get type for Fun *ast.SelectorExpr (&{0x14057f92cf0 Run})\n\tposition=298:40\n"
[ERROR][2026-05-20 16:58:25] ...lsp/handlers.lua:562	"2026/05/20 16:58:25 signature help failed: cannot get type for Fun *ast.SelectorExpr (&{0x140345c7da0 Run})\n\tposition=298:44\n"
[ERROR][2026-05-20 16:58:25] ...lsp/handlers.lua:562	"2026/05/20 16:58:25 signature help failed: cannot get type for Fun *ast.SelectorExpr (&{0x14079904240 Run})\n\tposition=298:45\n"
[ERROR][2026-05-20 16:58:31] ...lsp/handlers.lua:562	"2026/05/20 16:58:31 signature help failed: cannot get type for Fun *ast.SelectorExpr (&{0x1403a662df8 Run})\n\tposition=298:45\n"
[ERROR][2026-05-20 16:58:40] ...lsp/handlers.lua:562	"2026/05/20 16:58:40 signature help failed: cannot get type for Fun *ast.SelectorExpr (&{0x14034d05f38 Run})\n\tposition=298:54\n"
[ERROR][2026-05-20 17:07:08] ...lsp/handlers.lua:562	"2026/05/20 17:07:08 signature help failed: cannot get type for Fun *ast.SelectorExpr (&{h createCasesOff})\n\tposition=99:26\n"
[START][2026-05-25 13:37:25] LSP logging initiated
[ERROR][2026-05-25 13:37:25] ...lsp/handlers.lua:562	"2026/05/25 13:37:25 signature help failed: call operand is not a func or type: *ast.SelectorExpr (&{s auditRecorder})\n\tposition=34:18\n"
[ERROR][2026-05-25 13:37:26] ...lsp/handlers.lua:562	"2026/05/25 13:37:26 signature help failed: call operand is not a func or type: *ast.SelectorExpr (&{s auditRecorder})\n\tposition=34:18\n"
[ERROR][2026-05-25 17:11:20] ...lsp/handlers.lua:562	"2026/05/25 17:11:20 signature help failed: cannot get type for Fun *ast.SelectorExpr (&{json RawMessage})\n\tposition=31:30\n"
[START][2026-05-31 12:07:26] LSP logging initiated
[WARN][2026-05-31 12:07:26] .../lua/vim/lsp.lua:439	"kulala does not have a configuration"
[WARN][2026-05-31 12:09:01] .../lua/vim/lsp.lua:439	"kulala does not have a configuration"
[START][2026-05-31 12:11:43] LSP logging initiated
[WARN][2026-05-31 12:11:43] .../lua/vim/lsp.lua:439	"kulala does not have a configuration"
[START][2026-05-31 18:42:35] LSP logging initiated
[ERROR][2026-05-31 18:42:35] ...lsp/handlers.lua:562	"2026/05/31 18:42:35 signature help failed: cannot get type for Fun *ast.SelectorExpr (&{fmt Println})\n\tposition=59:13\n"
[START][2026-06-01 00:22:30] LSP logging initiated
[WARN][2026-06-01 00:22:30] .../lua/vim/lsp.lua:439	"kulala does not have a configuration"
[START][2026-06-01 00:36:13] LSP logging initiated
[WARN][2026-06-01 00:36:13] .../lua/vim/lsp.lua:439	"kulala does not have a configuration"
[ERROR][2026-06-01 04:05:04] ...lsp/handlers.lua:562	"2026/06/01 04:05:04 signature help failed: cannot get type for Fun *ast.SelectorExpr (&{fmt Println})\n\tposition=49:13\n"
[START][2026-06-01 04:25:11] LSP logging initiated
[ERROR][2026-06-01 04:25:11] ...lsp/handlers.lua:562	"2026/06/01 04:25:11 signature help failed: cannot get type for Fun *ast.SelectorExpr (&{fmt Println})\n\tposition=79:14\n"
[WARN][2026-06-01 04:56:14] .../lua/vim/lsp.lua:439	"kulala does not have a configuration"
[WARN][2026-06-01 04:59:47] .../lua/vim/lsp.lua:439	"kulala does not have a configuration"
[START][2026-06-01 11:40:47] LSP logging initiated
[ERROR][2026-06-01 11:40:47] ...lsp/handlers.lua:562	"2026/06/01 11:40:47 signature help failed: cannot get type for Fun *ast.SelectorExpr (&{fmt Println})\n\tposition=16:13\n"
[ERROR][2026-06-01 11:40:49] ...lsp/handlers.lua:562	"2026/06/01 11:40:49 signature help failed: cannot get type for Fun *ast.SelectorExpr (&{fmt Println})\n\tposition=16:13\n"
[ERROR][2026-06-01 11:40:52] ...lsp/handlers.lua:562	"2026/06/01 11:40:52 signature help failed: cannot get type for Fun *ast.SelectorExpr (&{fmt Println})\n\tposition=16:18\n"
[START][2026-06-01 12:01:55] LSP logging initiated
[ERROR][2026-06-01 12:01:55] ...lsp/handlers.lua:562	"2026/06/01 12:01:55 signature help failed: cannot get type for Fun *ast.SelectorExpr (&{fmt Println})\n\tposition=60:14\n"
[START][2026-06-01 15:21:17] LSP logging initiated
[WARN][2026-06-01 15:21:17] .../lua/vim/lsp.lua:439	"kulala does not have a configuration"
[START][2026-06-01 15:47:55] LSP logging initiated
[WARN][2026-06-01 15:47:55] .../lua/vim/lsp.lua:439	"kulala does not have a configuration"
[START][2026-06-01 16:10:18] LSP logging initiated
[WARN][2026-06-01 16:10:18] .../lua/vim/lsp.lua:439	"kulala does not have a configuration"
[START][2026-06-01 16:10:36] LSP logging initiated
[WARN][2026-06-01 16:10:36] .../lua/vim/lsp.lua:439	"kulala does not have a configuration"
[START][2026-06-01 16:14:28] LSP logging initiated
[WARN][2026-06-01 16:14:28] .../lua/vim/lsp.lua:439	"kulala does not have a configuration"
[START][2026-06-01 16:32:20] LSP logging initiated
[WARN][2026-06-01 16:32:20] .../lua/vim/lsp.lua:439	"kulala does not have a configuration"
[START][2026-06-15 13:02:21] LSP logging initiated
[WARN][2026-06-15 13:02:21] .../lua/vim/lsp.lua:439	"kulala does not have a configuration"
[START][2026-07-01 14:13:17] LSP logging initiated
[WARN][2026-07-01 14:13:17] .../lua/vim/lsp.lua:439	"kulala does not have a configuration"
[START][2026-07-28 10:14:31] LSP logging initiated
[ERROR][2026-07-28 10:14:31] ...lsp/handlers.lua:562	'2026/07/28 10:14:31 errors loading workspace: /Users/akoffler/projects/meli/fury_cross-crm-plat-workunit/go.mod:111: require <<<<<<<: version "HEAD" invalid: must be of the form v1.2.3\n/Users/akoffler/projects/meli/fury_cross-crm-plat-workunit/go.mod:120: usage: require module/path v1.2.3\n/Users/akoffler/projects/meli/fury_cross-crm-plat-workunit/go.mod:129: usage: require module/path v1.2.3\n\tview_id="1"\n\tsnapshot=1\n\tdirectory=/Users/akoffler/projects/meli/fury_cross-crm-plat-workunit\n'
[ERROR][2026-07-28 10:15:00] ...lsp/handlers.lua:562	"2026/07/28 10:15:00 failed to get import resolver: err: exit status 1: stderr: go: errors parsing go.mod:\ngo.mod:111: malformed module path \"<<<<<<<\": invalid char '<'\ngo.mod:120: usage: require module/path v1.2.3\ngo.mod:129: usage: require module/path v1.2.3\n\n"
[ERROR][2026-07-28 10:15:40] ...lsp/handlers.lua:562	'2026/07/28 10:15:40 go/packages.Load #3: err: exit status 1: stderr: malformed go.sum:\n/Users/akoffler/projects/meli/fury_cross-crm-plat-workunit/go.sum:256: wrong number of fields 2\n\n\tview_id="1"\n\tsnapshot=4\n\tdirectory=/Users/akoffler/projects/meli/fury_cross-crm-plat-workunit\n\tquery=[/Users/akoffler/projects/meli/fury_cross-crm-plat-workunit/... builtin]\n\tpackages=0\n\tduration=196.271833ms\n'
[ERROR][2026-07-28 10:15:40] ...lsp/handlers.lua:562	"2026/07/28 10:15:40 initial workspace load failed: packages.Load error: err: exit status 1: stderr: malformed go.sum:\n/Users/akoffler/projects/meli/fury_cross-crm-plat-workunit/go.sum:256: wrong number of fields 2\n\n"
[START][2026-07-30 14:16:51] LSP logging initiated
[WARN][2026-07-30 14:16:51] .../lua/vim/lsp.lua:439	"kulala does not have a configuration"
[START][2026-07-30 14:18:05] LSP logging initiated
[WARN][2026-07-30 14:18:05] .../lua/vim/lsp.lua:439	"kulala does not have a configuration"
